000d3f5da2cbe2bf7b1155b3706194c56e1d6180.png,
002d830eab46e3312c6e9b53705ce62e0f3bfe4f.png,
003b997733a41c3373a0fb3b219f6e2853589077.png,
006979102a7fd0edbf897612cd6d033e734cb83a.png,
00bb02d364a31433d4f1ff0469b906646ed7d464.png,
00da3c7a8cd3ea655b8076884c403cca8336366f.png,
00e66124449f1a240c830e3068dd177df78edaa3.png,
00eedd141556b3703a90e45a8d7c7b56b4f5768a.png,
00f40354fe7de9c97d36b69e41ef973639692c0e.png,
010acba77c59cacf50f8b502d395cffa83cc857a.png,
0124cedfa96acdf5c47ec7c4674105213cfa2a01.png,
013088c5399831a381e00f3113bfd07aecbc8bd9.png,
016a58475e52fb70b243d4ee931aa8e564d1a321.png,
01881fd7b67c5ebdab1864dec962abf1e33e0210.png,
01a50f9baca69d60afdec203486155afd12a0560.png,
01c6ad3712bb67b44c065e3c994af202d904a9cd.png,
01d10a6ec10040601a4225f10c38bf1d0735a69a.png,
020f5331de57c4571bcf5676412ff89f5354714d.png,
021085e665198d8464f644eeb66e779f7142c58e.png,
0225aedba04db6d93d5ab799b455fcd19ad1db67.png,
0238cc5a4cdd34e85b4a71cf6049e2f1c0a734e9.png,
026ac7df9d3b7b8bcd4e07c6d25238a1ed619c59.png,
026b549926432a8a6457e60f9e62918dcca7f053.png,
02a2c4a9e0ea1da1c44887c66191012bbf1067e1.png,
02ec46a84e024d6db08921f66da79d67dd049f8f.png,
0302be5dc35565b08f27563eec98930199c79465.png,
0302d7ca6cfbe0eaa56413b8397914aa8ae4cb30.png,
032a1f3f6c2e90a17fa68ce5a03e283963178543.png,
036989254391dfe2ba217c3ddb13002abbe578b4.png,
039a60ec37bd1c88edd42ba0f2e801d090bf8a5e.png,
039b22b2bf969709265c684cea8b0f0bf9768f73.png,
03ad4571d7daf00399ba16a2266a4f66998d74c6.png,
03b23b41adf8708ea4df5a2c654e77994f35d07e.png,
03b30f6c4a395460f37f6b557f3e19fcce8c11fc.png,
03c869db70431f3ea28c89577b377d4a087fb2ba.png,
03f1f2020364de545552538c587946325ef6ba82.png,
03ff7d0fb80aa3f4532f43d10b8dd8151ea118d6.png,
041891d365601ed9a1d1742690ec8f0932f23ec4.png,
0422ba80a7a162f7af3ba899b5f274e356fb2fe8.png,
042fb29084ed29349987fea2a3518f4fd1b217af.png,
047efd5db12df7f5ac6a2844fbe49d20ffd07488.png,
048b13552fda9fddf7b87bd5bc33ba666864404f.png,
04ae39d11cd5d3072f5bdb55db35097971f36135.png,
04c30b643a3c1110b7a60d273d8b466bc6e49204.png,
04c39ab7128b29939416de886b7a39bfe7edf017.png,
04f2dd134de93a92c321ced0615fccda9d83c22f.png,
04f9f2383ca6da017c9eb2f158c16f6167c355ed.png,
04ff4c6243c8b4ca72dd188da28630aeb1087780.png,
050acfdb36f0e8eb0d45b61c178c629d1ee3f4bb.png,
050d4fc14de4fd77661255820dc55403e40292d3.png,
052d8fe440d33448f23f6b2cdaef1a99629be6cd.png,
05394db307c4485165e97112c74721c7ab0fa33f.png,
0569ebff6282853d2fa6dcb0e9ef1ec6a14032a0.png,
058b79d8d7674b2129a69c2a1553c2a61ce9f730.png,
05a9db2d412aa4fa47629e11e1655e1056c7721b.png,
05d46450bb4fbd9cc42a37eefd4010ba2b9f583f.png,
05f2feddc1973c52662f0a35fb2d6587fadf347c.png,
05f7128219e07944725ab1def62de91f50b88555.png,
0639e939e6112e27f55da584072424aa7ab67d0d.png,
064834853159c1911aed26d86578451ec48d4dd1.png,
064daaf3ef80d8978c699e367274378281ffd3c7.png,
06576f888519c36af81145d0511e3a2ad20407d4.png,
065bcd6e141fed40dae1e80925d963e31a63ab8c.png,
0688296c3b3aba314d114a1087a4c0132bca419d.png,
069781046f98e35faeff1d4c7371d6b79a37164b.png,
06a9bd7238cd915839f4ad63f8de35e19139a1da.png,
06cb946952567f1dfb3a8a5e185226eb2438691e.png,
0704c1aa4e368c046200ecabea1415773568a82a.png,
07105e53a7c9cf58dee7ece8d68cad0eeb52cbba.png,
0723315aad7bfd1da40e7635f246dc98a2e93372.png,
07a5671cbb8ccec1d19f361b14fe57025af4d3b3.png,
07bfe7b490e3876175d5dad4e62695751dfe6985.png,
07e74bba2c2ad84bf0e779f90876af22da9349bb.png,
07e881b4ffdf12beedf9fb063ed302ee73baaf0a.png,
07ef9791b179a95d87c4d6adac8aa75b7cd63342.png,
0805ccce1f54d150d5f490eef92d828b1ccfe549.png,
0826d68925b34b3ded6dfa51ffdbfe122141e0af.png,
082d4d5ec9b57af49fddaf9a9ea204961517b80c.png,
085fa52452c67a80766ec914fdcd66ac6d271010.png,
086b7365bc4e78385433c9c307329a3fa4679859.png,
086e5c506ac437fcdca4a4c85c0c2fbc76684f8c.png,
088ab17ea6a81d8ef357475f6712aa17e707b863.png,
08a34af0110b45d5ced66d887b0dd0329ba3d7c0.png,
09195c46d0d358b8df2e46d0d3adda6a09d60438.png,
092cb6055b8d51af8b5056595e916abf03807e8b.png,
09443d91fb96c53467ae828f6dcb7729d9316a54.png,
09661d82631889daa4fcee6de82b07d6987204d1.png,
0989727f69a1d466641a2e7c799e0490cbe3cac8.png,
09baef43959d007de640aecbcf1681aa2887c4c0.png,
09d574129df2165309d602c56daa0225c56522e5.png,
09d8e1202ec7a557ec45c03ac5caf20202d1869f.png,
09e3fb17f4a678703721ca23628fc445d52acd9f.png,
09f203b8042f82ce1a2a0b3c01a01a872b20a45b.png,
0a0a9e11112b2b1ae7dd2303fc69b8c41eddc9f9.png,
0a23ddc819521041182646a179ec8e49be6a61d7.png,
0a3867a4043e0a56c5d6085f55b0d56cf034feb8.png,
0a3c6b350b0be54a2e2527cb706eaefd3abfcc6b.png,
0a89740bfc2dcee8acc8e96f7a4db62c6a511be1.png,
0a9ef41b3d81716962458202ad20d67b8b5d8c97.png,
0ac5fa946450615737bbdedcdabbb93afbd17fe0.png,
0acf38cdbd7af8eae23acb0ffcd9511ffdbafb1a.png,
0ae2f0c9187081b1cedac1e8982d70ac776fca52.png,
0aecbc7c45e2fdac04eef2aa9110aa48ad7b9878.png,
0b1b4171fbd51e26a6daffafe935d449d81eab01.png,
0b44f7fcc6d03d1c02fe24b59490d9087e8baacc.png,
0b5c4f8b78c7ba08219943955fead7db99ddcd65.png,
0b79a2f33efd7c1c8ea1ebe3066fec4e5beb679e.png,
0b955d2b0c2a1169c17d6dc830c48950a8ab9a06.png,
0b9b3e785e884e998b000dd03f25f6515e1dec96.png,
0bcafc4df3b0adc53e01433cc46a769388ca670e.png,
0c101b4584fb5d589274b91e90188b0639e8c231.png,
0ca09823d577a104fcc4000b5ffebde70774bc28.png,
0ca8b60030a843c53bc5bc74a0213427ead242bc.png,
0cadf99a51f5f2992d462334a8cb822120007f58.png,
0cf1001ded901dcec4808c5b3840a480b8f1bdee.png,
0d0e32b4a1f47a3e5f276bfb590854ecc028397e.png,
0d29cc614b33399aa01751055658c5afcad8f587.png,
0d7903c17331c822bda1f976bbae22df6ab8cb58.png,
0d807f6b7de3ee9380a61de4c43d3cd0f440e53e.png,
0d9263963e6ff0c0316f6e5640acbde573e42c75.png,
0d9d730e8b484811f55ab93a448223028c3a1b00.png,
0d9f232bcbdede69026c0127702a353fb021f7bc.png,
0da7ddc49aa0f677d67fdde7750542e6566df225.png,
0df28a48cdc3901fc233f60e6ea741a9caec0d0a.png,
0e01727b8cf5626a79497b3a5e2183a3a424584c.png,
0e2add298d4018e5f5b58e50a876bbc9d0ec1214.png,
0e88ea382693b3e8dd79de9a14832b1ba0b65e43.png,
0ea5dbd0d04a4015aaf7c4b225eb18b31e73780a.png,
0ea6d7bfba27b24b29762415a827a2a11d6aaa6f.png,
0eb56b7c6f90ffacc85a60e48655de112c45ccee.png,
0edae971264d367527d25706dcce554d6ce82528.png,
0edd05d304a117fb6aae7439c62f4809d00061fd.png,
0f3bb0dc19fe7c819ef3d46bc5f1a66c037d12f2.png,
0f60d21054b223cdc5dc1c2aae816309ac00aceb.png,
0f82937f8aa8d1bb6e000215ec145cec73a9bb65.png,
0fbcb979832aad551c8096862badb56b2c6611cc.png,
104eda6f4abef551f7c0b4a7b84621028efca7d8.png,
108cb1ece3924aac7ccc1630dd87bfcf8dd7a68f.png,
109e8932d74ecb8cabf5a12ba7b2e41a773b00cd.png,
10cf54b523cb773cf3de25f420168d3285bb1d5b.png,
114a1fdcf3508cd9611a2d2f4de28659151bfa08.png,
114cf1429e3d6e52dbb2a7c7961b149eebbeb6f2.png,
1193f14d055bdf12e82f46355a2d7139f0db625c.png,
11ab6f70ff8186c43403dea99fc2dd39956040e9.png,
11c5562045591b02a137719853cc14f3f1a71b35.png,
12014728ba5f2ab88ec2f40419a7bc0476281486.png,
12049a52d64f08f47ffa1909a7e386555b8974c3.png,
12536b8505d77c1958d000b46dc18e7d08136852.png,
125c041362cc0f10c0fe09dea85cb9337c1a6507.png,
129185f0e0e138c5d9d9dbd85f298386ed235924.png,
129b870d87afafeca44a44b014a8ac863cfa9b64.png,
12a21ab9b38f6745a5b4c1dd9ff4fa174dc48731.png,
12c27ef8ce1da2d44a09d06cc44bd29f2b2edfd9.png,
12dcb9afada32834c6238a80f1917ee8ba6464ed.png,
12eda9bfded86d6be4972be1bce5cbc1fc3a3762.png,
1305495a4fd4a78d137763d60e4b46e612d3df4d.png,
13453f2fb99af4550cdd39a2209ba405300e91d7.png,
13e17500c105c5aa7b690df31b32d0472149f3be.png,
14066bfd655863f55a65f5893330205be05c378b.png,
14328284e1cadc0c3bc3c29740dc0e36fb7d2997.png,
1438052a50929f7c9dd47244aff5c2fdaeaeb314.png,
1446a197d2b76bb0fb7b13187c195e7c92f3f581.png,
1480e0ddfd4c29c8425295180c9bcf08f003330d.png,
149b800cc6da8092418dbdd95b489230e0a09a6b.png,
14a61601740f734588f9a78a5edc9ef1abedb0bf.png,
14c45f3868c3e81c1cebbca9d6110b980bd3c3c0.png,
14fa8c1177213d4c733ed3a6aab1996b1d1afa61.png,
14ff7d8152cf0c5517c28c4725f95c4a4f92904f.png,
151a157f2f7f0e554fd6a884726f76d8613d8aaf.png,
1536ac302b884172ff7af65f9c2f34595ca01ee6.png,
15845a87ae77970f2a72d967b51f2ceda5844f5d.png,
15edfc8bb8727495da13c9dd5754734cbf9295f4.png,
15f80c98eea20fd700bcffd57d7640803192e2bf.png,
1646ad000e3c94028d4a17366d627a5d1a148b1c.png,
1649326bfb197d3e51c0c5e3cd07ad69778b668f.png,
167ec221ae9ab41fafc5a3682ff4effeeea1af1b.png,
16dd2b25955acabdde48f52ff72bee558aa956af.png,
17015375492b7e7491e45e540cd84a2709acbfe0.png,
17180ecabc8822f8ec405d902d8e8a2f748a9590.png,
1744ce73faa66d485b36de7aa1a4c9231d8ab891.png,
177839ba625bd1409e28ea5393d2444dad4427b1.png,
17783b08c143a428a118109aa91b1ff2d1ab4e3c.png,
177b07edf425d0b22c20f7c5f75c80d15cb4132a.png,
17e4cab981a67421aa7da278b718c710a2b14571.png,
17ee5ca3cfd9a9f95a12e93d5b9f8539fa710a5a.png,
17f4f65699cfa8a1759566e1a85d1f9cc829100a.png,
183eaec779cb2018d9d4b749321e474f87f00599.png,
186cea3a7164dafca7654bb41ed9358b333d8b40.png,
1871dcf49f6ce5ef8262bef63b23de373db8ee65.png,
1888778e2b905e64abc3474402eb3a19e14aaf37.png,
18a76c41a750e1a9e2eba8494f95c68f1cfdf599.png,
18e79bfa4db4fd52bffb97bccc1ebe695cfe0eab.png,
19017950dabff9c90a9b27d33e6ce2691b765993.png,
190dfdbd588f3cfde730401d49deedecebc85c3b.png,
194095285c41b5c4d5b8882bf7fddf0f40b5e2c4.png,
196774cd76e02c4d2f9d572b732a4d722be769ac.png,
19bee59bb224cb8d320cc8985286514209381f7c.png,
1a2df166f861dc55d045fff0b739312fa8d63e33.png,
1a36686151ea58f794e33797a485d3b7678e73d9.png,
1a559b734cfe175b6284cff2a01f37d1e5a8a651.png,
1a5f54715535c73ff1143a280c01d64ee71d175d.png,
1a74a56295c64d731441cf471bc5edbc28a6bd5e.png,
1a93ad21749c3fdab06934af81404e434bd5f092.png,
1aaed8cdaa982b171c861b61aedfc23b857b2376.png,
1ae18f4e3221005275da8e0d57910ba1951cedb7.png,
1af84f1b3aa2c8332698aeca41b97ea8e8c52c98.png,
1b0497087a721e59f5b4fe936a72e65e4fdadd34.png,
1b1c238c06b34ad8b7d481f72129326b60eb0d70.png,
1b620721fdcfba34c84d03dfc13456660d731cd4.png,
1bb2500a1cdb269a1a99c165aaac295b6283dbe9.png,
1becb52cc19aa910e07bfc2d8a284c7336a08b11.png,
1c306571b97585fb2b5a1d9355a5fd8c55f1d2a2.png,
1c3e7935828778b6f4245cd65d8823323b4dcf78.png,
1c6c2f0af83a25558d7257cf614ad78a0ab7a719.png,
1c7344e13fdf5665ae4438f431d5a90036f7b864.png,
1c8404c01100c5b1b2cd5c5ffc416740239d302f.png,
1c91ffc3a008e7d60c0a04775ddea209b1e4bc6d.png,
1c97cc36c8b7bcd23153aff2373b379d516c7bd3.png,
1cb073217cf95a95b9ad4d075bcc0562371420ab.png,
1ccaab2169b5dff5bd20326b41f96a0470fda18a.png,
1ccea49c5a37dab00efc7ff9dcee9bb8c093d228.png,
1ce11d8853dc210fc56dfff9e8ffb92afbc08d93.png,
1ce326fca9b4895d5af7c53a7c82b87a77fc34f8.png,
1ceb298301f4a47c43e19e510832d7919621e287.png,
1cecd383080b708e065a606a053500ed8c337047.png,
1d626dcb049e1d5ee1b629de43e633784ee2c913.png,
1d646717fb3fb44fc6719b962c4c473cc082a0a0.png,
1d6629287f056c41040397fd5ebe51756ff1c766.png,
1d8cca7591f9dce1c3c7bb635814b408bfb30884.png,
1d9bbb553bfa7ac54c02c08d0c01096aabe6f7b7.png,
1da131c82f647ed4260e6c5782a8f1c85c95159e.png,
1dd59858d79971e7eb3fcb510babab35f5016423.png,
1dff822e7350db50ce1b32909b46304302a3d548.png,
1dff9fc0d98ab49c31e64fe897afd2ecd0304996.png,
1e1b9aa87f853882ad3b6e596fc55fb47d1c2322.png,
1e61c682b80dde6da09e0de7f2470e455fe6a047.png,
1e68e22a18ec3f80db6d1c8eded32ef9c9b8d469.png,
1e8001851286ae2589e8e1b9acfb71a50703f949.png,
1e9a199f64d5075f372dcb307b220c02ad4f2227.png,
1ed91413b874a9b3318264d1ad8fc0a06e2725bf.png,
1edebbd837960df5435b49f76a4eca4500088e65.png,
1f4c4cddb69b6157596aa0232a5ff723c28b4775.png,
1f8a6c21ebfceb32f872d0bc17c3e42c531350ed.png,
1f94cabd8e92056c6ae667799d39d7242b067254.png,
1fb20bbbe52944d78c7ba7ab4958319fa6250530.png,
1fbcd0db95ae1292cc2227c375940a4b0d4b6efe.png,
1fe2b3b7a23e573f7deb887188bf34d77a08f2ea.png,
1fe8712e1deee40b419de7fd31b13cb51b869de8.png,
203d870fe148ad021cc6e0f14966ab7a23579858.png,
205bb08bd479786fece4c0b42d0848b1608c6a9b.png,
207f26a6b4924a96ebab9e69fc0f9b082426991b.png,
209aed293ffc62efdcf048ed7c935a7d8d5c9c8e.png,
20a671242492a934ef4180245c119bed059523ce.png,
20a89c12048305878e4f67a8d96b371fca5a5356.png,
20ac2883754a80f98873c47e831e0fa4944e0cf5.png,
21076df25755e37211b789354feca5bca8ffdac3.png,
211f5dd863f829e0db3a3b9c47bcf4ae040529d9.png,
2128a2d36bcbe7e131bde7685387b57c73e9b5e9.png,
2144193c3605b9358958a492b704a197a915f477.png,
216f537dc20eb95188eac480136f0261b25534bf.png,
21b8d164d56501b2b15b78bdda9393c90d7f7815.png,
21bc35720495c5842d0d690f4168f4b52bd5a770.png,
2233147aea5907f5ef3abc29a938e849f5b44224.png,
224a203991f6ad4d7be260266b5124ec0ad4b369.png,
226c5a1a0e1011d046ab699e9f241a010ca41fdf.png,
22f83f44e04ffec7e1d73f6a685072520a280985.png,
2302473d68f3a4d0ca94a3f2a3d853c6036d5680.png,
2315efd6462860218154ae5d6774c179df531bd8.png,
232f4ceff18b435443f873b9ff7c0b51c7db5081.png,
234366f1732233a130c5fa5939a6d9a34857a3d3.png,
235682a20b5e56bb1b87efcfe48a3447bd4d983d.png,
23a85b5eac48222010775a72d3723c36e06a1f07.png,
23aff601a1005f95c8cb17b24749bd73b8915fbe.png,
23cfe4a8f5bfcae6a9c6030549d417822df5351f.png,
23d3feb85c77db11a6815e3ed4d5335d088e3a3f.png,
23fdb05595778c46478ac2c5dde246f04b5ab428.png,
245d493b306df6e113ee26aab737a5252b0781de.png,
248ea2c17c36dcd7497808f98e52816c8710cea3.png,
24b3b9b8ea029842f89c0ba8003eda9730557beb.png,
24f06d8c0fa02d9334f9fc19fc3871f221184d60.png,
24fe1c99c1aea95961e930bcfc8a964d6ff80739.png,
2509ab55bbf127a080f731f8cb3c72f9d04b60b9.png,
25109af83b5ec39af0bb3abcac9e8edb64162648.png,
25273016746541cc463d71b72c62e585354a639b.png,
2535a59131ac28bdad036ba8d3c3f466ee4c8336.png,
255125c24ffc577616beae01678736ffa8751098.png,
25792f3e2662e9ed31f05957219b335b322fa4bf.png,
25b3907eec80c9f5c881fcab10aba8bbff1bd741.png,
25ec3694de78962cf0b612f2f388388074431700.png,
25eef7debb0cd57ba650c21bf4f6d682052f2160.png,
2610be8f9c24f97125dc032898b02efed0c318eb.png,
261ef32da38cf8b4058a7a4269b341598ee0a347.png,
262746b2fa9242e85dc399bf7cf2266e4e603ea8.png,
2665ee4506bbcf1dcaa83ea61edf954ff6471cff.png,
266852efda528644270db3aa0df0dbeb7fdf2d70.png,
267a8f34d09fabadba3b5e3ef9b6ad10714a77ab.png,
268894f856666979c4faa53ace3bbd82d3d1d292.png,
268c468b011b08f2ad59947b7d569da0aadbc591.png,
26afaf15fcdbd638c71a8bedb59d7ca00206e0e1.png,
26bd65ee2c8a3dfc41a6fd46418189e04b1da77f.png,
26d70d98b8ab00c0a8a0340bbc68b4ddb1c50c43.png,
26e6e2acf5671f9fe68dcd6095726f08d91d6e4d.png,
26e9f893eb2892cd35a65411bb91e54b1b750ff2.png,
26fd25207fe3cb66fde7358758575f7d0cd6e124.png,
272890576301293a5eaedf3ce04fb2677e96d43a.png,
2742cf28ee9711e6d04e1219dd058c4198a71308.png,
27a7ed54a5c9aafd8b8447af983d25d297b7555e.png,
27aa6b61b64c433cacec6179c2cb1bc030b260e4.png,
27c764e6c376a4ae97dd983c5f4ed6d7bf716674.png,
27ded32a4dffe3c6bca4f99009793a7b2b13873a.png,
28044f13ee8095a77242ac70600bedceddef98d0.png,
28323291b4db1f5f43ba536a845cf4b83666783c.png,
28485a3b9032741504d51c3076f5c1b8bd80f2de.png,
286347f525a6c58883c6acd2e6522cde451214eb.png,
28754843612c5498c9bcfea0bf3b3005b819aac3.png,
288e6a234bee1fdfd447e82e7b430fc359e3a40d.png,
28b08a224e08c251443e38ebfd65d52a574bc655.png,
28b924c5bed291e2746d6ed881b2cc463d561148.png,
28bd0e7f515f46a2f10652c1d6108919fa6e3890.png,
28e0e426607b0b5cc9a8589783b6ae8d500a8800.png,
28fb30b4aea3760dd3ace82a8eaf55fde5dd4150.png,
29000af7719909f5dcd9ea58f9dfe081596b46b4.png,
29066b5bdc78ab87db271e4134cf3a6819e9037e.png,
290bb53d199a8f65c3c8efb004fc90923982f2eb.png,
293795e35b4dba6aeafbc96fa676dc38e32bb45b.png,
2945b13cc554f39edef628f267d00ebf6706421a.png,
294652b164d29f698cbb7bf1b0a873d4e418de5a.png,
296f96ad24898d0621d82fbc43281d3e70892ad6.png,
2974f39ecd1fa28690b34d3e51757328f63ad9aa.png,
29cb8a29457b126abe76f7d78e89924158850d7b.png,
29e4b05de75683bd1b56901179116e5a76bc679f.png,
29e8690a7a0f5d0b92b1a766bada614fd480d739.png,
2a27c85135209ab01779301dc0447f1cb39a3368.png,
2a5979bedd87233d7ed786fc35c7276cfda94e4f.png,
2a68bed151f1e30763d7e224c208f6d31164128d.png,
2a85502b277bb242a98da734c67d2ab5c32510f9.png,
2a93bfb1d5a2c8fb16c2ee3982b3e626af92e2da.png,
2af2c498b5739e5df7f994c04c62298b319ae5d3.png,
2b2be6f0fb3bafee88a3f6c430a757d77df48e6f.png,
2b4e07a5a7c9b938ed490d76cabb901a6c23f6c7.png,
2b5ba5ee0db97d0a3cc72dbf2e63728264fae75e.png,
2b95560e59b2f0213cc53d08ac6173488763c585.png,
2ba36c98dabf1d7ccef29c0a867c6ba9957f8b95.png,
2bc8d334dd8cad269a6e8c5de70ec308d91b37ba.png,
2bedd236d205a22ed15fdfe658561cbff700534e.png,
2bf4248393b72dcff12ca0b165cf6e55865adc31.png,
2c027bfb9085a6682cf53b3ad9d317ee5f6c2d83.png,
2c02bc4b63e45e78545bf5b12f4e0f95ae0a3f2a.png,
2c41018828621543becb86171b03fae502322497.png,
2c5bf92220c7f1fabfc730c4270d8b51398ff9ab.png,
2c7edf065ec0744facf8ea8c8c3ee666dd2d0e99.png,
2c9c59ebef58ad986632fb4ea91c2f4235f987b9.png,
2ca55588a27cb64b0ad1c9874142926498daea84.png,
2cb8461e516be18e6304a0058892628f63b3ad28.png,
2ccf86db1d0b2fd7aa870e57c3d3530d395f1946.png,
2ce67138e01d8a46bae31ac9f97cbd3517d14870.png,
2ce765ffc478002b0fa49cb61d06f5ab3ad97c9e.png,
2cf02c13ce6561a3cf403b19431301c81736fb8d.png,
2d062a57d035c96f11f4d79833d9a3a50c393452.png,
2d4745c590939f52d310482df9e8900b3be88360.png,
2d8bd519705570955d5fc7500446fc80f4de4fa9.png,
2da1b261a8e9396167d3ac10600e6ba43ae28f6d.png,
2db75dbdc68eeb8abf8fd65f39d81ac0e881d38c.png,
2dccf31751773c8b9022524e1c07f9a2ab05d797.png,
2dd230cfedfd863f41f94dc82f64858a10e73409.png,
2de1d817ab7ccf34d7f0a761389a51fe8adf7195.png,
2de7e61ddf032a024bfedc760db6dec492fad122.png,
2df218eaa8fa1359b5188424b35d3448ec0ac37f.png,
2e2d08cde6abe038968e7dba6359e8e9f11c8ce6.png,
2e52df09e1f60cc2c85fa65e8482173db50c33c8.png,
2e5b2229b1fd454ae22578b58e8b4178027e6512.png,
2e66677efb385ee7426487e57dd5219700a532ac.png,
2e699f149f016b1066ee82c2efd897dc47397ac1.png,
2e982cbb2fa503e22cbf99d1548571205676a630.png,
2ee88d9ec9dd552bc35876f970cc24b1d1c87148.png,
2f156a2c64c2b939eaccd1715a6aa0b13b26c19b.png,
2f457c1c646cd160db101a748fec9f4f32bba672.png,
2f80023e44dc51aae91370c32f9df4c2b4220bd9.png,
2f8eff5209418130f4483f7062bd27a3de992ae8.png,
2f97666405391c8f0e310f87fa63ee50f5e013cb.png,
2fabb4e7029fef313cc9f8b7ad1fa1d9fef59763.png,
2fb514773d35430c1fd2c18895dcbd28533b912a.png,
2fd19e7ccd09fc33203c382de9b8498fdfc7652c.png,
3023ce0c4b4f8b44343e56226313231fe704f00b.png,
308496c52128596a5ce48d8134ef90f305b1da02.png,
30bc056333d81c0e13d6386fc5e117ea634e1d72.png,
30ca6084c7643b26396f6beb3e3596b66214dc3f.png,
30f3e8af7fc4090568c6712f71b6f341db7e8e8b.png,
31043bf0a0d34a7e973132f5aa1cc9f7e79449f4.png,
31166c4db91d726490c8976a7b15a5a05fb87948.png,
31178e03818ddb84239a2568f3ad9ada5f7b2dee.png,
311cd51fcbb686f52df98451a8f5152e11eb5ffa.png,
314209d1eeee9778c60a8be1412a7d1c1e81bdaa.png,
3154b02529699317487f2941e674f52f46b2134b.png,
315ff49cc4ab9c013497062cd6403b42e821a5d9.png,
316c02f368ea80590b771cd582f75567b38d0cea.png,
317610f7e260987fd604b535ac3ff7ea3467ebf6.png,
318f228f15c6a1a30bfe6a24728ebd3f37da1364.png,
31a4adc81c1b04a0459c81036438c1b0cb539f1d.png,
31bec7ccc76136ce4747595c4a2d75c592fe381d.png,
321d7dc30e7e776a7801006f31590f620f220e24.png,
325e290b41220b6c888ebf14dfca07c37525a4bf.png,
326963cd83cd58ebf6827c1a799deb2f776ce83e.png,
327de717f17a5202887ebaffc7e052f476688148.png,
32bb9ad4aa7947132b18b4fcb89e8c584301fee6.png,
32deaf09884691362dd23c0fb0ecfebc9b477760.png,
32e123a34f1decf55f7042101bca9d87a580c7c7.png,
32e489bc00b976fb01d8d1f6b6c7b6287d203822.png,
32efcab0a9dbe30da1910240fd01a78c9e79308d.png,
3310da72597366f15d72f3668a4d37af733a2e2c.png,
336188921d146a2eed286cf9a6d081d1e1b355fd.png,
33680cf3552e5df0cc0a2cc06f56d7886cb9b83b.png,
336fb6b7f3bd073a9f3ad66e0aaca9ace14e92a2.png,
3377739b9cdb206b98ec00a3ef66baedabf5bc91.png,
338ee7c1134fdf54ec94e8d9ea2c6250545566f9.png,
33b6d79caa70127695bfefb7470711d49bb92cfa.png,
33bdd40e5022a4cc5b5eceaa19be40a7a49906c5.png,
33db31e897282139a5e325c35f7d6821476e4b10.png,
33e7b663c5ad49301fbb183c0803eedbc02c3a43.png,
3410dd331000d4080c23d5c2a59419e060b691f5.png,
341aeac2b0ecba7d81de28f7a5733862c1d562c2.png,
34294c28d7fecfbd7dec1c4c227a272536d54e73.png,
345aa92d73c09ecf442f8621c29e9734a4978a5d.png,
347a7332d93ed28bf01e234cb383d4033049ace2.png,
34ac9ccc8088551caf1fe574965ad7102aab9eb1.png,
34c9c54d815a5338226d9df7b32c78c2994abbab.png,
34d12360007573f545da66d46a666071d853978e.png,
34e64085ddbf8c679efa89187c27d6f9812104b7.png,
35081c342711fe8d00dfebf1b6fa87e0ef831d23.png,
352c5b039b29823d03ccaa1b4141eaba307f308f.png,
3591ceb2b0f91ef7955a5bfc11d1bb5a1dfc83bd.png,
359b18fee1cd3a2e8e671af7b49d31accbe91136.png,
35b284032817805d88a00392129321b861131f91.png,
35cde16cff1a9fae0bfccaea49a5bb12d43e1e4b.png,
35dd16e3f18f1e59f990d8cc463cceeb5728ed9e.png,
35eb677e6b14c40b485665c7e482604b64239138.png,
35f16b6654a9ff7f7a24f52a99a006400adbdbb4.png,
36203fa7a40c00f7aad50fcc70d259bb944c94e6.png,
3620e86138bb6670a5ff2ff0f7bf6d462d0768de.png,
362d9c4493f7b34a1ae0d0884d5eb41c826c5905.png,
3640bf194888daa87650b0061b4b05857916dd64.png,
366859d6423fea11e90617b080bcf326fc92486e.png,
366c68b3fa1995d909841bb60d7316b0d23a590e.png,
36809e3f059f573e9b0c1b966d4332e5ad81831f.png,
36862fcfb82acd1dbe8d46c592667555b9e6e900.png,
36b3427e537f90e4d097c206f5cb742e975a5e8e.png,
36d724dd9ffb2620de779e4bc011203f91d588c9.png,
36e51f25bd7262854c886749de26b7924e174aea.png,
37273faf231c51f5ab1bb5f4a59d791e8e9d4461.png,
3739cf95e963de7bab2d41325a890e801868eab5.png,
374feba2efe53f708b57f7d369055a4f98ed43b0.png,
3754b6efced6dee474e16f625e8627d6668aded1.png,
37f22715d91189408f4f7d7689ce02c4d1b1acc3.png,
381a34f2aed39619ff9541113860054155648957.png,
3892b6e3b92e1f436e25483bfc9c431302cf8f60.png,
38b512c66eb48136a6ff58766cc8ac35256c530f.png,
38c1c0b4bba7e0ac696326eaec6c62e74bf026e8.png,
38efd20fa08f0eed4025b25a88c2aff304d8f7c8.png,
3911508d8449bff26ad7fd638cc9fd80fd449479.png,
39493200adc7a5c2b61bda94855ac4d95bfaecfa.png,
39620f2d69ac4957592a7ebfa273260fdf46aa67.png,
3966ffcc67fe68b28109304b42aece777fb57625.png,
397be7df94e37f1acc7836255ae63c3b01d91f69.png,
397f181a00060fe468a8734c738e0dc2aa47bc93.png,
39d84e5b1f35d17bb63b8beb221ed05b9473e68c.png,
39ff681da53243e50c5adaa6286746f42fa657e6.png,
39ffdf7e84dc262d2a52ae20b123d1293a9c8550.png,
3a20d599f8a7ee6c2ec141f2f05d02c1a43c1b33.png,
3a66d1c9ba7a655ac59c3398a047f606723bf8e8.png,
3a70ee22894b640f3d3e9e8f09a00369416f8962.png,
3a722c989c8dde0d34fb8a2f02fcdc711ce5490e.png,
3a9fc39bb6a349ac8be4df32fbe6866e837ece00.png,
3ac9f0704bc9f810a795e8666678a2de70918886.png,
3adfa6bba51b9815cbf09c620a55ac1d7a3d33ff.png,
3aede19d875d4c99b59b4dd5977397b38c4e19cc.png,
3b46d2501685941ec25ed2f9a7c3daa43995c8bc.png,
3b4b31d5b0b80d9bfbed2c04e2f81c1903c47878.png,
3b5426c539e1baf152bb6e6626f8972ed0f84545.png,
3b5ae59f25890e67ffb7c34ec2a6feb598a8b151.png,
3b61efb2523cfa57f633066094f3029502f20344.png,
3bc7622fe43c9ed087204a4b2d6deadb32df66cf.png,
3bdc4857398389310ef0efc6ee28192973b907c6.png,
3bea29631cf4f0ab0703c05bbe741f26b0c7ecfa.png,
3c1167523fcdbbd9264bee507d98f2c1b9336d80.png,
3c6fe540d1227d255618ee96e35c2f891b720ae4.png,
3c75ec36863f11ca715d2ecea3f4b901f32d3a3b.png,
3c8422dc26be0bc38616c23b189820a62536d5b0.png,
3c895dfea8304f364268f26a1530e81e2a5f26ee.png,
3c99eda678fcd5c744cf20b45150e4470609ae30.png,
3cb35d9536b0f8622d48fa54c86f67bcaab5a2f9.png,
3cba6a0c067879b42ed8babe04420466ddddb047.png,
3da46343dfce3b74d3bb32e68d58d47013f63bf2.png,
3dbe5813c4e9a7f4634275c08a955e17aa79f9a4.png,
3dd2e2561cf1d77aae21dce7607adc54f10640eb.png,
3e2b8bcfe6c47da1ff497b59af1862df18007257.png,
3e2dfa371ac28675f696a7a1e684361bb744a985.png,
3e40c2610b1202d512cd7eca418ae5e884d8ac24.png,
3e578889509ba1b108236db950815ce126bb8eb9.png,
3e5f525a4927c76bdf91f8764b14cb73a588473a.png,
3e8f8aa0b02938d7a439b73209e11378e214deac.png,
3efad74ad85a4b96c6f22b228ba3726cd87cacb2.png,
3f3eada918fb6a1f348f24d91a109cb3ab8cd917.png,
3f4a1251377bb92ce006db5cb2deaf80467b03da.png,
3fb9cad8ace0574876aff3413dcd3776a2b88e49.png,
3fcafbe4e6e6074bde4545c13ff436bd1e72e74b.png,
3fcfb70fc5fdf6da61f0b4d9b15676bf5a4590ed.png,
3fe6c76e871b7416c4e5acb35e5eaf22a39b9408.png,
4002a2fb1b1462314aace59aed499694e550d367.png,
401375a54fcad095f5104a92ed0fda41a5e72c26.png,
403f526af0339bc3cf6748ad05c1153ab15955be.png,
40523eef357899b80cd5d026e7d848d2edc4b980.png,
406593295cbcabc8f14a5fb5f41ad85e451b1e91.png,
407132ba1baa5b492bfd258a29c44c3e685ed048.png,
4072c9ce29665c2183caf1dbb9ffcff8bd020666.png,
407c7203068a6fa8cb4c3d2582c28f532a2b4266.png,
40aa2bc73b8ed31feb8ddcef430490669920b6f7.png,
40d447350af0baade18158b9ad21b3e2758d7e00.png,
413862d2769f9b331ab0d800e325555a53e2627b.png,
416cfd6632f55965d7b3724d162d2f2fff60fe92.png,
41b80120be0975234de53d091c5d1c8eecd5e269.png,
41b8a74b9698d3dbdde54d2e99121de576e1d442.png,
41ca9ed8f2a075aa8c3b8cb48372a17634cb2b68.png,
41cfc010d48836e30d5fc6bffc4a575e0acdcf4d.png,
41d36065f98bb725bc20a48c592e808100122289.png,
41e1a74cd493823f27e42a00ea29b7c226b493be.png,
41f262080ce5ddb15413dedf9d82fd82d8945e33.png,
42098c6e3bb1645b07327475c8f780cda80392b2.png,
42583226bf2ffc6d96214a1d7120263b8c36ffed.png,
426e28d83fd28a921554f97533ccd6878bedd1ad.png,
4279cc8b46dbc4cbeef5c9272d83754f7d4282c4.png,
42cb9d430d34638f68d2f6d04a5cd56819e18d44.png,
42cdcd4675a66119f7fede9fc23e0ca8a46a2135.png,
42dc01e8000fdb79618c801bbb44cae106c47440.png,
42e4a5f21813d67737b09f2dd503137b729aabab.png,
42ff53bd0164e1b80f9c03265ef3450f2adc4b89.png,
4332540598cce41aa942870c4032169578ecc9e7.png,
4352cbfcd1d9bb63507fb269e99efdc54d7eb669.png,
436ba75e5b08d1c34e6c443fb6fb382f52e62c1b.png,
43713218358f5ca26c90e71c738d5c763000a598.png,
4376b9ac2d9cc2b2be7c4ed42efce18150b24e7d.png,
43c09b79bf61ab0baca7da1298130303ae54428b.png,
43cbb49de45868735234c56395b07fff72734907.png,
43d3686ae0a068310e27c5aea347431180b37892.png,
43e8943ef02ec592822ec26473a5296459a6fcc3.png,
43eb68b32e597e22f62b1eddd9a04e582f9ea168.png,
43fb45c48619b0442df71f7ad79e8f87ab1177b9.png,
4409150a8baa06131a322db61ea905c1d061b47d.png,
440b464cc00cb599f9ec3d74e0be4d63c009cdf2.png,
442c1609ad1cb73bc0470996f30b5a5d269b4194.png,
44ad5261b0d4e768c947d0e8fb468804d8afdf41.png,
450e0f052fe01f4aae3c2ee27e7e504b98fabc5e.png,
452d2891df1ac20ef99323ff0e96cd18e5436fff.png,
4536bd79f6f2a0161a36b275f2c2f1ea9c2314b4.png,
455b47001d631a23423c4ad764ea80bd05999644.png,
459dd95fc356e1012a661e72f5bd70ed511d9839.png,
45dd52e4fb4d3920539549721786cf3476441983.png,
45e0f98a190668101e3e3cf735feee8dd27e632a.png,
45f2a375ab42c1d8e8cd3c5d59cf9eced53d8c47.png,
460ee460e30b8f7057ac4603dc30bdc8248bddd7.png,
464da28db027eca336156f0cad666273b1730f4e.png,
46671b3e9400fd221abe45314fc60eba9d1d2608.png,
4679265dc1b25eeab13a9bfd60810c870dea549f.png,
46b51b5f132714a151a43dcd036876a3d5e341c2.png,
46ba1803ac0bb8ce8d1e9cc74bf8ad054b8f009c.png,
46c33eb7a8693376cfd26ecedf447236e87f9795.png,
46f17c05472f5f5f3a4db1fa5ccb3716db85a627.png,
4718f9035cd8162f9fbb725abbe3166b258088e5.png,
4721234b3cd86fcc94139fe993be07b59d343ecc.png,
47315a3b4879e0dd8f2403b60160f83f26ee33ef.png,
478c87faf436a0888907f4bb7749595165ea473f.png,
47991e2cb93083d90d3c6364a6e0caacde86c0cf.png,
47b9cdc8b3ce0f3b6a139ddc82fbfa7bbf47415f.png,
47ecbb2aabbdc7ffbd1403799a151a25ee8f80dd.png,
47ef2459e6cc029bd7ff4aefa09d7685fcb99721.png,
4822b5462d8763220ace08e3ba327732717b37cc.png,
483e5192556382b9ecf4b0154ab7fd8a25179481.png,
4880ea7c442a32d873c80b886b5aa59f495b0590.png,
48f532a46dd72acf6b1a6ba3be8aa518bb884484.png,
4906512f9618184687469fa45e8cd8c639176df7.png,
49226528f2a5a60458e8e2bbbbc1ff69f5bb108f.png,
4927c42bb0989efe57349e5ef4b52083349e0ccf.png,
4934f14cdb2e32ec6a8f930e57b87310bd56d81e.png,
497c61c9f898400a1fdfb8bef16a1b8f9036d671.png,
498ea1dd320999e29fab2420d97cb89c4ee948be.png,
49999e5ca3ece334aca72dc43fb6f117e6434ef6.png,
49bd5f13118ac52dd9eeeeb288ed8467315db421.png,
49d5d0797102a424d33dec9468091bfacdc8cd11.png,
4a04457d4b25a48b9fc6ea279db28acac9e1bfb2.png,
4a0f6634b475cf720981f779363abc87c9a098d0.png,
4aa2d0e2c00c9bcdca573f7b6798b05384290d7c.png,
4ac0d84e2902d9be35381f12308e6c2aec9fcb27.png,
4ac9d7cd570c6f60f71fff20e3154f4e71fc9dbf.png,
4adb1e3a23c14d1afc77af1b70cc0f37f04ea2a3.png,
4aeef1f5b7fc9e023901c3a9c7ba81a50a177d8e.png,
4afecce75e15272714bc80243faf8976e7400c56.png,
4b3b3d63d47ad77f94240782085c5d4168c9e0a4.png,
4b47ebbbe97a1dae9b7a5f6255e684aa630c694e.png,
4b55f21e39a7cf173158a0358da86f8194646329.png,
4b82a184293d642adcb12850f23dda9fa2e44266.png,
4ba02aaa3f9153d799f17d16f101aeb63d726878.png,
4ba226192b1ca3a0bf554fa7f7b9591b02dbdfab.png,
4bb8afe46bc240dbcd1c20e39d2b330a1b38e044.png,
4bbb933ba7999aa868e335dc3da3226221d502a9.png,
4bdb2916224c91f77b26e70ba82a33403c8b1513.png,
4c370e89ed2feea53d44eb22fb5ca9ab3d5bc6f2.png,
4c8ed6ce4addf5bcdddb6a6134a27e99a0f2ce1a.png,
4cb58bf629614cd43bac2c3ec030d5b9b979fb07.png,
4cc1e185a39ccc905eeff034935863f601975b73.png,
4cca189d7ced96a2b6e11d74862f7c3edf84d106.png,
4cdcbf1a1468df9d99849eb2ea4cb0cde606122f.png,
4cdf424498b60c3506431d89851e07793ee98f0c.png,
4cf084637d8f1a27cb854b608b513fe56a036c97.png,
4d148a00001a10774e6a07095281c933df6f62c1.png,
4d42dfa6804f15fa9b246a61c60356f9c0f886ec.png,
4d5ce6e4efec8b1cd0ac501323756c0506cc497e.png,
4dca9c4b35092d78fe17cb2cfca4cfb8704f577a.png,
4dee54fe88bb036fa15d78e110d0e24a0a2a5c4e.png,
4e157e2cbfb6c506553ad144308eb644682fbfc4.png,
4e536f637aa264665ac9d853fb37b47ce8df2b78.png,
4e6929585baf24df7dd683e150362c079257296d.png,
4e6a16b2ce143cde1c24dd393d0e684e31d7ced7.png,
4e781311746d944be5208febf2a1f5c9c0cea3b5.png,
4e89b8e20c9dc4517e683c7825f333ee032632c2.png,
4e8c89b9a047457ed8b95f53dadfdb7368ec2f82.png,
4e9281aceb0c9daca1afa14d6cb555e73850bef8.png,
4e95a07f7c7a248b98b397642be2d6f876454ac9.png,
4eb7a3ae24492cb5fb81670da2ad92c5c11dd209.png,
4ed5ceda09c1a1d91203ea8670f7e7b0d33c64d4.png,
4f083d60a2e381cb53da79fafcf750d9438c3ae7.png,
4f467d36b64b7a81f0815509e01db5b8e1aeb70d.png,
4f4dc7c72af449014b662ba6b7de3fc45430f6b8.png,
4f9938b5a392a5e143dbb6c4afc242fb4bca7454.png,
4fe055cb517ef74a237ab18ff208a8730e363b9f.png,
500eec470f8f31bb08dcde78b52ff3bf1604edb5.png,
509d5742716a7294a042e00ef58a06ff097deed1.png,
50c02cb15e68b0d656354152e98c7db4541f770c.png,
50c138b058093961eef557f9378d8bd44583e95b.png,
5117c3799a6d7ce95bc49128adac17d479fdc93f.png,
511d324d6028e89f90d7e46b207d58cf81377ac8.png,
5136eeb30eaabaeb55f7be69ef3ef3ca57c827c0.png,
515189c8e1f7f20af18c39b585940874b21dc8ad.png,
516bcb74afba1788df478c8fb1b743f79621373d.png,
51702ebff488ffd2f2d341c00e73ac287340f745.png,
518b95c24781c1d085a2c9b3aa24f04f2966065c.png,
51e0dd26d6e37839856a3c4d7822f33cd2a8816f.png,
51e178675ccc76516496729550a1de2f40ec1d59.png,
5215f835eec9843899e19953a877a0cf4cafe590.png,
5239b375cc65ffe203114ee18e0f1a5b3c6f6721.png,
5247e68cdabd6aeb3b8446b66feef631d3d5e2e2.png,
525b552af04ddbdb83060c87cd8aa8dab9e5ca69.png,
52637bd2c3399499e0ff2b1d56e46da3e3df1ba7.png,
52add15b897e12e28bdaf307592b7d2e4aa7605e.png,
52b3c2dac2c006e7a89af335b8ba55493d5e261b.png,
52e90d2c754746c3d06a6a3c960b9916d69513a9.png,
534fb5089f25365ccd1c244d246d5f22309784fb.png,
535f563a76c9976b0d7e2f19cc44c8ae62c7a749.png,
53910d2eb105860387cc984132be9e7693519a7c.png,
53aedbc888cd8905652c1466fe4b41bf4ed826d6.png,
53e4c7e8e89bab61c671a7f12d29c30a8d2e9c25.png,
5402c0aa13e78ea14eeb525dfc5ff179d190d218.png,
54522d1397a6b83bc9296d5ef1939305eb6805f9.png,
545b4426d086ebfde92ebd4d2e25bcc0cc20744a.png,
547ce2414f9b8a8593fcc0eee8c34e1262cd34f6.png,
54b8279a96420d1aa24b6042b5a2f9f0ac0f0a98.png,
54d392a59ba20a210c1904d29c4eee91cece0724.png,
54e0f08a66fc3bdeff982632dd8d7acb234cb2f2.png,
54e370a3919f49ca19fb31e9101700c5a7ee5c30.png,
54fcf232b5cdaf716ae87d4647ced7b1bce17636.png,
552ce082ce34f33d8c71a889474e893b18366f20.png,
553a8dbf96ac8969ef35d4d1f99d24997bbf0a3a.png,
553c76337a5913f96b7c7686f08c4a2fefb72ae3.png,
55416a766c32b08108f53de94972f1c5cea0eba1.png,
554aebb47ac789fcd93847a0fcb5f2e9a6fbac5d.png,
5562c403db5d28f9427cf8ff0729d7e4fc0216af.png,
5566b9897b50e32ebff29a65d4cc41d2b9338290.png,
55894c07638b31ae271cf80d6ad8443c0b4eac15.png,
55e0c51c6c25b5a357c6bf90a8d60bf922524d13.png,
560a5f05c95e229aa6cb7b392b112dd2e928853f.png,
56211c134f342b2dde6b40db6ca42d67f456166d.png,
562b426602bc52d1dc5b9c43935ccd2aac4cd60d.png,
5690760ba87b81c846a183c96cbb066fabb2556e.png,
56b92bf0ff7330a3d1b70065ce9fe9a3d08be793.png,
56c17e32016292091f8a4ec0ea6a9555974a229e.png,
5713418c4d242f25aba9099794b48c846cae57dd.png,
573a702f48778f74bee8e8aec057583074b08fd2.png,
575c2105f32554de56cefd2bc6563c443558a0ea.png,
5763c2aac280aad84aeeaf9b718a49eaf51b9f40.png,
577ef9674dbc6cf2757d9ac3d524d1b7139f0d28.png,
5782c1acf46a2b2627ca6156b3dd41fc4bdbfc38.png,
57b81c4a5c343e4924c8d6bfb7a49e14abef77bd.png,
57e0621af517c4a0539c5f80fd83fec4a23d6aeb.png,
57f986e88b9dc39f824ad6619ced0f52774e9afe.png,
582ae3b3f2dd496982cbd2a737635e26e8c16266.png,
5870dde3e5c39cd313b3f5c224191841a31bd2ed.png,
588e75bfdfe1f6031f4dfc82248bdadd68f611e2.png,
58f4d538c419bbe2bee27d04a2544905fcde5ec3.png,
58f7de4e4ff618dc26e2653bf575d0ffa6089ba4.png,
590f29b5c6084f29405d67abd6151975af28cbdf.png,
59147f51452982546dbdbec07cf95dd49cf41b37.png,
59327df7b86454466a4164a76da8d8320a212ae2.png,
59ac00d8c720edd7eaea05639bbe357c705a1226.png,
59af0b56a2a905bc3bdebbe42f9cca8b0dd5318f.png,
59bcb2aeeddc7fbfec78de3dced2f99aeddc1b3f.png,
59cee0212d8c72bc3cca1de5fbed599287c7a39a.png,
59cf81b45c40175ceded68497d7e90d10e980fb0.png,
59d650fc25984fadc86370395fb39619fff00899.png,
5a790c570fabede12f114501caa0e363583f7e2c.png,
5a81e851ae92f73e3d1931561121722de2fa5ac5.png,
5a899064f6ba371d8f7ed843bb1525f23d3fbc82.png,
5aa4c420d706031f1879b25f7607c8f46b19caac.png,
5ae532fbb4e18485a054e98d49ed8ced0731a109.png,
5b07e75b754e924707def5f35dfed80484ac6318.png,
5b2bf1e549a8af6336928e234e287b77654e43fd.png,
5b495b2f4d236c9ca267d957e7628b1dfa9943a7.png,
5b5cf60434fc37250336ca1db3f1c397442e19cc.png,
5bc97cdca0c4ff845715907bab46a5f6bdfcf568.png,
5bd3518faccf34ea612a1a5c9b74620d410625dc.png,
5bdb4ac430f9482e29ba6a8b8cf181163d5ca468.png,
5be44517597a344b207ee1d038f1050ff7e76c55.png,
5c321945f3e4263ab60af60dd7b6af44125c7295.png,
5c40a961494682b5dc7a9c3034e29ad83b59fa7d.png,
5c4cea5455a4fde10c8dd97a91bdfb5d74010800.png,
5c5bfaac9167777b838e8424b45c775504615184.png,
5c948896b0048ff35d14d983d53baa1644ca3505.png,
5ca52adf4c594a2371f1d3d2a895c2797f5df1fa.png,
5cbb53693a37b441e55786ed365d222a27b44654.png,
5d385d7c6e633c9088596f701641c476721fbec7.png,
5d3de061bdd5ce5a4744166a146ceab1b70c3ede.png,
5ddf3981a7824ef4c90b53c1f101dbf1d689329b.png,
5df21375d1f98f0855d2b3e9d926f1fb8fce57d0.png,
5dff5ed308014f2e8c1fd83ec81886004e112ff1.png,
5e15681fa053dda3bffe1b0441d849a1963fb025.png,
5e34f34b26eca047f8a21011e8c206a845034686.png,
5e473ba1c67397f0acb78f413b7a48b212fa9ebc.png,
5e74ea6bc81bd9c6bd20dd40958be5a6e9b06b93.png,
5ead0b79104db4a0d777784fc49ad8c090c66f58.png,
5eb830f01e2cc0d91eeb7d76806e62b96b84b625.png,
5ed90351cd5c6c65b865c9470091184b61384e9e.png,
5eddb59a51a16542b3c2b5812269e1e770c5b2fd.png,
5eea41aba8e413a2f5b31eec56dacca4a0f8dcb9.png,
5efd94aae836b1ce36fe3056fc65497221759010.png,
5f00b402c7f564b741b55f76fc7a1e5318b933f8.png,
5f6d490466fd8c275223245d8d878e58423231e0.png,
5fc2b62291e6b60f3470c0821555d78a672a3805.png,
5fdc80d806b42880f85be429270ebde953996b00.png,
60951af25393df9107f22cee067ccc2328aa94be.png,
60a85de6239f37b67f04ea4cb2080539aec02ed1.png,
60c02314ed2343952cd6e59c86acccd58e4f685a.png,
61146ce4c56124e38326c6f4cbb159dc510c94d6.png,
6119d97b0e7c5889a2100359916a9c86780bc8ef.png,
611b078f504b7bd3494c4458d5b64c34d430edd1.png,
612ab81335abcb77f067ffbae022251a22b6dab8.png,
61370de400954f339458bf6324438c21a806c2f5.png,
6140e5e32e440038c4fc569428d74a33e53dc5b6.png,
614dcba79fd27445381df852356e94836e93acd2.png,
6171322c8a70486ffec02e22b60034f3d2520b4b.png,
6176dc15cfd9a4539c86b81ee7fb758f7b71da81.png,
619e7f266762d8da26274b034fe80be46af608db.png,
61c6191eae791ba8a1724940d342d37643970d82.png,
61d0e3d42870321c843b81225e36cad7d3eb9527.png,
6209a0226bf08a400bab13dbc71a88ddb259c877.png,
62193b95417fe3c05022daeba970f3aed11ccc7c.png,
6236e2c92b68e80c565c3eb4d398a7dbaa23deec.png,
62402bd584514a9b6795c6da2dbf8c14f6b1a8b4.png,
629ca9aaa47fed6c64e48e311f482a844724e761.png,
62ae3d9f883909e1b8c1207e087875b00791ea76.png,
62b14924f1190db82b9eec16f22ac807c78789ba.png,
62c0e64f839509ad0cf4627dc0004de66a4ca754.png,
62d8d010f37855d7252b81c78b61e3e02dc438d1.png,
62f341fb13c8671ab13335be27f4078bb3119889.png,
62fd7a359cf6c1d576ee7b632d75f6db7de1e258.png,
6336d6a74a5f6aff2993ac8d5a2aa3f58a4cd7c4.png,
6369b12276562488a12341ddb74cfb4a43ded948.png,
63731760dcf0722bddfc429b78578fd2adef22cd.png,
637a0ab791f7055769d76dec8e558febde76dea9.png,
638005ca7a79377645bc5bc8f5d58b1884f8b8de.png,
63a8433b111a79c05731ff2f872e0c7eefaae022.png,
63c9c33ab52bb2c5e89f422c732725236da12df4.png,
63f33dca193d3cb51d13db41ae9b652a7834d3c6.png,
640ab52d522d61ce5651872ad65b90bc11d4f27f.png,
642472af60c567919412a44a2e1f9cc00a85f14f.png,
64490166848849c8b42f96370dad99105ac28523.png,
645416ca001834e6c4a36b245ae1110c6f41460d.png,
64666397782d4394e6ae38637001759a803ef3cd.png,
649166c53915d71c1e8fcbca7498158f37d14396.png,
64d093434518934ab014462ba551a585f2512ae4.png,
64e581d15382df7cfe9d7890115040c65639a216.png,
651234288d8beb1ef5e3df674d4829a3be988180.png,
6520b9dc1e2940981c7dcbc296fd87f422ea9f6d.png,
65259d5d9050cca283e39ad13096bc0eddfdaa3f.png,
653375e504611ea8ac10fbd1028427a9ebb4379c.png,
6564a4aed64604f4ddb356a3e00af1ab206b8b76.png,
658a942ddf903c38245b5ef0b8a38db74dd7b32f.png,
659dd25a25f40f99ab1a8f16fafcc9bc0f78e83c.png,
659e418d986e1d994e336e7b94d6b86ea955f60f.png,
65b86485efc45c6d0acae28c6c36a1741a30b128.png,
65ba5db55223ed4f0fe75c2e544ebeae8a1bfccf.png,
65d83cb7ba0f38dbc97beac686130aff405b8ea7.png,
65ed22b68c8a1502fb90b531c6309f12b2f9287f.png,
6606725a0d131c3349e819778bd36a362c6a1b7b.png,
661565417a3df28e97b9baeda152c9dc8cf723d2.png,
6644218e3acfb34cb32567da811e8781f3f83484.png,
668a7515db380e1344bde4f2515174bb965b7ff6.png,
669e4bbbb0e687cddeb8d83838b5b8a85ec52abe.png,
66b332c8a44589f97753c6e7f64af657eaf6c04c.png,
66ff4d568e29e84385755b573e4e6e202437489f.png,
6723c6a75820fb2d018315cc9622f62557de7c11.png,
6770a0774b12066ba19401af48edb4c911115b45.png,
677d97f34a9ec27fce236d6b47cc541eccfee0c6.png,
67898eb4367479b6b00c6ccabd20138993d070f8.png,
678a8a5820c8fb06decf148731ae43985861d989.png,
678e372352fc848267d914b062a63e589d532637.png,
67f9c3427df3b803358d8c2ba827b3f8dabc978c.png,
683aeb28d08b0b3982ca8607f6aac45edeaf9cd5.png,
6868fc6a68c1ba1b8d974aa94f6fd82a62ab68a3.png,
6877bad14652699c8786b4547bfba031004d39e4.png,
687c2bfd7c501546a685e5922d09d49ec3e6ba78.png,
68efe84199a64d0612c5604bae80ec2ecfbbf416.png,
6917f2e76e34cfb76fa047ab553f74cf4187344a.png,
69330b90bd6dfd65e0c4e15642be0172a119816f.png,
6952e374022f23f400be6bf6a3e18275f556f7c9.png,
695c7489200c2c11248bc068d9d0bd411c28cd41.png,
699bb2ba770eb8ba916754dc337fa5015470bd9e.png,
6a19f1e08ff9df6ab81112a01b0f143ad06a108b.png,
6a2d73eeea24e72f3d744367cfa8c899da1d9434.png,
6a64e9fea022a0bf99d60887debc09fe1b7f1004.png,
6a651ca537b18e047fcff6220045ce320e93a603.png,
6aa423a5ab8b0f99a8aac257a70e63a7d04511bf.png,
6ac5876bbbacb1307f3ac1602cec922693a596de.png,
6b0bc8b87bd7442111c0f56da14e9291839686a4.png,
6b217d06edcb7f4c9186c446a19a9a877c952bed.png,
6b4885dc53b5e78c9c268c15d539f0d24e21c2bd.png,
6bb172785d04261449269ff7ee93efcf6128fbd5.png,
6c0153fdb3d0956d76f2647c0567787096aca16a.png,
6c1830ce690565b8b59dd24fb873dee56c34e6d5.png,
6c1d63c3abdce1597ced0807facec246c0c0def9.png,
6c2bc4e5213ad2914cdac17dab42b077c19fd785.png,
6c2d5ae2a6ee7b70cf64bb00fb90deaa4c5b03eb.png,
6c30d84de54d3c31989020ca79ae88d521d2d16e.png,
6c352806e4775b3815d33a4a47eb332c6d2f8f85.png,
6c390c08d3fe4412cf987fa0e904defe3a19708e.png,
6c41af886ea3f6b9512f6b639a032116b2a6b0f4.png,
6c5bc50039e31b8a087b61bb10a23b058d0469e8.png,
6ca249bb1f3cc3e723177278d90d9eb75749de8f.png,
6ca606874e182e37a980cc145493fd601a58b2fc.png,
6cc8be87eeaf125a1e3e15a87656b9e4364d42be.png,
6cde036128d6d2239b511982530d1235925adb2e.png,
6ce872dbd8f219da22ad38faff69964d4b3790a5.png,
6d0c9e2994d78d32009aa4c1622876883fa8d15d.png,
6d454d80a45266019c63a90302c4caf81574597a.png,
6d4d0557dabd561d5de08a51a5bbf177f012f8a7.png,
6d509516558a10b62739ae31024c37a3d8d317ed.png,
6d620eb1efa2c54bbd94dcb151662c3196ed6a6d.png,
6dba105e08e6f14130885aaa876f4ca724f21581.png,
6dbe3afeae3e4c3a15caf00624eac0cf2888d127.png,
6dc08045a84fe40923336a72f99e160d95db2ed6.png,
6dc0f9be44d2171ce7be27274ed3042b51bfad8e.png,
6dc17dbfa3d4e5c5f83f0d751d81b0ba47024ee6.png,
6ddeee57a59fcd90102066a196d1c951565c46c8.png,
6e113dae4a171d22d193f684cc43ea0e7f92bf39.png,
6e28196e312b69bee1d3a27c4a967f2b853cccd2.png,
6e39f5d22176a6add40ba5bd6ef11372c08e5461.png,
6e9d1c849c3db2fda844fbf5bcc2119ee67370d3.png,
6eeefb84083096e6b7c9082718776d29c20f35ce.png,
6efa03efe914b40b4e2243e29ee6b1e5118349b2.png,
6f1b2214cf7b4788712fa5cc91bb45ba7f659015.png,
6f34225f14d0348a2b9132a2b18b1462233d17bc.png,
6f48235c04a0b3a90d63bc2dfddc38db6c2c9344.png,
6f571f561a33377f7f6552c8d9e02da07d9e8ebb.png,
6f6a6e09cf49961dc876b321d3e68e11f512dbb8.png,
6f963e767bc3896fe1b36b0a9b3b3c298fea3898.png,
6fb7a960f34c2e9d118e44fc035199c6c4079458.png,
6ffabb3585c146a279c75982702479e19c6d3c75.png,
700b6b4c761cbcab87c95471da7282acaae8e86f.png,
701688f101520b3a1a649cc50c6fba0874542997.png,
7039b99bbe664984f4c4cdfa40826f5df4bb282c.png,
706d3f7b7f30e5f4927429bb2739583e990cf1cb.png,
7078abed69e8a26bcc918f1a8f8ba49b7f81d46d.png,
70a6940e075608dc4e9fdba4a45337f0461bafc6.png,
70ad97b1a4ee169e85438323e30f2d46af084b48.png,
70d9f2d176dd15303bed122f3be4870a223e62d3.png,
70f0b697140be1d1adac111e78b35a2f05b5a98e.png,
713c20c5ed35bfdec6d9d54cf83518adc6f0a381.png,
7170dc5c6344857cf5114c0cd4b9b42c043cccfe.png,
7172828e6380e92920c3ef099513653d32e71f43.png,
719516210d4cd8127f6ec4df26967d5a59db8436.png,
719b98ea58d3a4ae8025cc9721170fd88b4ca3bf.png,
71f5129b862606627cee587cf28b1f30c4d10eda.png,
7202602cb942061c6876c014b3d77fbdc784335d.png,
7204dbdbb36b3d667c9cede1d86bf792dde953b3.png,
72280644ac2ca42bcd942b4dd79a941c000631f9.png,
7229155b05777abed3335b5b877011aa07a08f7c.png,
726b3d5008724fef3bc7a53f88f0dcbf4c71a9b0.png,
7273cb69b78d0ab7a6b1862037f1ccb222dc01a9.png,
72925a0c5ec38e059b970fbf2d8f132071ff1aaa.png,
7296fccb83c3a4d23837a22be82f647298494514.png,
72d7580f9e28f85f3afe7c2d905c35cc44de0349.png,
72eebdaba11fb97017c4aba6bc4b4ad70ec42c78.png,
73113b1dd2486ad766e4787af30557a16e939f5b.png,
7327dfa513837d7370dd4d58c271b49652dcbe74.png,
7344bb660d1bb2ef1204dcac6b3ce7f59ff77b0f.png,
735d3d3c5fa44e5ddba0592563b460b84ff04b12.png,
736cdce81ce1756539bf40bf1e5f78995ccf3294.png,
737474bf74b58b2f3a3d697bb5aa3aa9c8d8367f.png,
737be6f3e8332e83d76b0dacb62bba9da3f73887.png,
739272170799955016c6980452b2b65fdcdf2be5.png,
739f021dffbf654aade89fdbcd60f6cd28f89a17.png,
73ca9d3aaf33167f293a6615bead10fa1fc52fb6.png,
73ef263aa92b81ab6f09732c6a9e823194337e7b.png,
7407453ad63f7539c4192fc1695053ceeee60154.png,
745808e4c9a1cb36bbe2d5a06333e58e57b5cfaf.png,
74948d01f8c18580f0f2c6b28051ce3b9ca87358.png,
74aa92c37886018b8a6ae0172ae10808c172129a.png,
74ad04230e2eb39c7575fe8dfe727a6d513593aa.png,
74b36c19b4b9c374b5cfa6a2edff4ca6300bbc0b.png,
74d7aa2464a1594e366392927d0d209f5cab8410.png,
74e784e8a709b9c9773f0fc488627d9fb6869685.png,
750a6647d410da3b26bce97eb1031e5a99ec0f34.png,
753b6c939c609ef24510e6720efce7fb620b0c36.png,
754d0d9b2ae88f27a355ab369a782e1ae68c4024.png,
755b1e173676aba9b41c72a0df5d678b6d2f3f8e.png,
7593f2e93e7057ceff9be56cf951580892b30cf4.png,
7649dfd971ee230f1302d4a83dca26676e36e959.png,
768d15a1691fc7b0034e8156d3d1ac549bb9b4d0.png,
76e47b353b21acd231a889289440749750b20df7.png,
76e4ae61f30fbef9bf0d81e9242cfff56ee65451.png,
76f0887bece884d73cb3e58b05c10caea515a88c.png,
770cd5aa6a7f88e83992bb6fb968b24259dcf5db.png,
770cfb5d2ef5955ca70b08defe1007c0e023db75.png,
7717e6eb05672af59a111a0006dbbd7781c1c9ca.png,
7734ed2ca371229e246e36c260fce62e7266ab27.png,
7741b1822ebe1172b02cdec54f775f2c9e8cb774.png,
774ee7905ee079a6585adb0e6325bbbe9457aa83.png,
774f0c564cb3853bb7265207f6bc3b66bd8a3e61.png,
7778a852c8392c1301e1de03381386a79d9a6caf.png,
778308f56748eb5aa42e1a729366ac8dfddb53d3.png,
77b23b147f72cda00b979a05996224f7621f580f.png,
77ed92ad0d38706e3733872b8521edcd5cda9563.png,
780c69089201e127bf7453650cdc6a59f0c51284.png,
78270a7b3c41fc18cdfcf91f2ba527279b7f80f0.png,
78323b6b8c4476065bf1d785c834909899525cba.png,
7833538b749cf99d016f75d26cf5063ce76ab518.png,
7837430935971fa4e425cb927b8abe7d01a8fa9b.png,
78455b413c0ac7b412c6186622930847f97581c9.png,
784837f4fc26bfd11ca7c0f65ad90728cb9d9218.png,
785248ac21a08e5f4cffbf3da0391554e3fe4a39.png,
787b49c37824a1fbd11af8332924b60a54905dfb.png,
787b9e7eae6ea37eb9a3f2f48fc77aba36a6f0c1.png,
7883b4ca7137ac1973f409f9c98c43d1ba6d1116.png,
788d2ee9874b2bf8c98e3ab12b6696ca3dc8ac2c.png,
78b55492427cfd7e9af959dff97b8c5159e497ed.png,
78ddfcdf4449aa2e6fe19945c32c131d0052738d.png,
78f47b3364e974b0f4b8c7668c8627e7cb611b57.png,
7952dacd3c6864a0d74556696a10e91ff462d550.png,
79717c12b9bebec3e2d06433924d0bb4703ce0b8.png,
798ec3bf8e179330349dcc8fd1878897d0f2d5f5.png,
79b4e3547eba31dc8c673f8d1ddd4bd193c156fe.png,
79b67eedbf96bc73ff3a49f6c6ad1d25293817f5.png,
79dfd83ed48c4b4edecd6df9bbe1412e04778ae8.png,
79e82e143a166c1d1555bf0db725bfce8840b42b.png,
79f71204f94aaaf0cbb0dc28ddb6ceafef9d3cf5.png,
7a2ace67eb8d333207280e2c0847469b15b0a1ff.png,
7a5017ceda64cb8cb36d3b07c7314189cfff1e88.png,
7a9cf1875c93fe8722dd861dd8d4c29d629c9dc0.png,
7abb606ec160ba52548f83480eaab89c5ce80d4f.png,
7ac0379d143440418d485032acce54cbe9379f67.png,
7ae1568c0568d536180b7b5d2952a005a7777e90.png,
7af5d8fdaa8753569dee50716ee5b9f015686db0.png,
7afe4de989f5dcf4e672e6cba504d9f5e7a5cfb7.png,
7b0733b16f00eb9b8185b2e4c584a3fd54692742.png,
7b1e6a5d83e85585774c7bb5f0e84cb3aa0fe218.png,
7bcf7fec2b8b25a4f1f11b26a600c77fde05e41f.png,
7bdcca9c8dc81307ee1537c55b9656ae68eabf6d.png,
7be41605f0bb8988308cd754e979bbdde3de5c59.png,
7becc258edf021ba5cb62fd31bed46139cfdf917.png,
7c1293c110dd2489034e19252aa21b8f78239eb5.png,
7c2d5ae68ea1478a4c022be22cf9d3612ff37da5.png,
7c37e3a7698e564a47b0ea55af18873a092988e0.png,
7c3bf7985b93f35cdecc1f72fc73ad3ebaedec59.png,
7c40dea29d0a0a2f96901daa921b1cd8af9ee317.png,
7c4fef486e5528200ecf02bfdad33088e422df04.png,
7d5726a4818ffc4ba4faf80632ec6a5875cdb1b6.png,
7d71b284afab239d6a4c7599390b904bb1a1bbc5.png,
7d7788a918af4e3f881cc4e173008095d934b8ee.png,
7dcf7500d23b7cdbccdfe6a6e1fcd2c47874e933.png,
7df2251644a6fa5f0a2f8d16a894f0a14916d809.png,
7df2aba89ff9152d6d469841576265175d3939a7.png,
7e11220925993c50925b7ab09ad1790547ff8ca4.png,
7e6489dbb1ad1a5e093ef05ac862184b88beda1a.png,
7ecb107b0d76d88b149bc71ed51c6b6d8a55f333.png,
7eee0b5d2d722ca683681dece658617da4b6a34c.png,
7f04ccb846ac9801238331c0275b7f094e108f3c.png,
7f1f87c467e6ab9d90398b2580d17b46be37ef85.png,
7f261bc94453570fdb2d395992446afa4bd67a48.png,
7f7e0e22daf1826d7f0d25417ba11c7ed7efb5c4.png,
7fad3b640167169dbeb7e9f415977fb0a692c162.png,
7fd489e9070c2b6c9fe5751d048fb62d43a8e2ef.png,
7fe9a999bec864499e18d5df656bd3b6fb1e1f34.png,
8034d51abdb174831b1f5795bf5bae6c0e637c85.png,
80372706937f3ff52eaed821e0960bf8663b2977.png,
8043d099f5fefebe2308b0cad920b9dc08925391.png,
80e28a105fc841d2013d06fd50b81a397b5ce7b5.png,
80f190451213327f4fce33b42b95fc37dc51615b.png,
810db0be752775b7f1422d8464b7e226aaf42bc3.png,
812c9cf894f1ff8e7ef4ac4810b0302b438b2ae6.png,
817c91ffd658638659020967d8fed91b1d06ed38.png,
818e00d08df5248831bbeb1fdfe193522e70f990.png,
81d6f54ae9f52b9a5c29fd61e1f5aba4b674bc2d.png,
8202d5d09134cc8b4b1fa923d1bea9d37ce6d9a2.png,
823c0cced4880376ad56b3e422881d9833434272.png,
8266e174a01f6ecc21410fa9527fca99343ad518.png,
828b42442d3235fef8a0bcd352215e6327c08f09.png,
82ecd1cf98e91fe78a12e3e557eefa465c35e1d1.png,
82f420c58d360a3ac2dd24abcdd5f30956105e45.png,
830a33ef82ad1786f5707666af92d5178c1d27d0.png,
830a4e3d1bf05a9c40d8c1b828d3e2189b1acf60.png,
830b5afe9e3f51323fc5f41ee3c18f95603eca1d.png,
83564c590e6838e1257accda8e54c2f081840259.png,
835f847cbb9387f4446e2a098d8becf2dea0586f.png,
837165171eed531de9c98fc4a953d1aa7cd1f1cf.png,
8396fb1545c316755bd7ec69798190ca24ceba3e.png,
83b1a0bc1ac5dca78b3386e180c6a86739e81137.png,
83b6930137aef32e654583d1ff0d01187668e250.png,
83fefdbd4b1d093f4936655df256a620e9279213.png,
84500be19632c059070890429f869e7346c9a4d5.png,
847eb1bc144b62c06471972025b72689fcce38f1.png,
8495a3485d0ea48fcebbcf5ca385d4f1d3356018.png,
84c54bd57c1ad32a11a1a39d95d8a258982f4cb9.png,
84d78e975adc0d5a7af6f0e737adda18605c5f49.png,
850cc0e4f35439e700b70f4c0aa1063f883885da.png,
855c959cdd140efc5109cf5d1f8849138e95d0ee.png,
856e93c6c565b0d0feb09cbd96cf9c53b823fb77.png,
8575479ac70bbd11837adcacbef16c467299a864.png,
8581a3533e0f79713aadb9c6e62f093822c7d640.png,
85856b44a6226a57aba0875b551a24030acf50ed.png,
85ad47659219e06e1a5194751f7dbc9cf044c1fc.png,
85dfacd4bd99ca307dfdf3d81f63d174ab97d40f.png,
85e3f931fb2b10b70d9f5e68865beb5e55b5e5fd.png,
85e8072afd3d3ddf347eb8a48384728aec59d1eb.png,
85eb6d28fcad563328684d3ca05fcdc7d5ad1a83.png,
85f5e6ddfcb60d38158f9cb694ff075b42b7b27a.png,
861add96b85d334889ca3f5e78470c0396ccf9e1.png,
863f5c4e2ed88c858c89344fba76af2e0f56ddba.png,
8649d5b2ec8f15c092182ab032a674b42b56fa02.png,
8668e03ee426f0b29ff557717607e92d33b4f338.png,
86916a67a6bf37dd557632fc982d2f1ff6d3a8e7.png,
8693571963236885895aec20d91e912614d36d1d.png,
869fdffacdab688d9901ef36e7752ccd649fb31b.png,
86cfd758a04faa30d63744d73351ba3c9f7363e7.png,
86ea16100cd7f9918169cf2928441b50b44d2783.png,
86f3bdc5141487caed94ed74acf934dc4f1a17af.png,
8709d36213236f360d511d321850f54c0adb4ac6.png,
8752b0c1a840e2b36af3c3df6d7ab0afbf0240c1.png,
87663c3db4fb959214e5dae6f2e4f13a3238803d.png,
87801c059d1445b457c315432fac3ee39fa16616.png,
87d454fbad757a3dbb6e1280bb9f375be40d0dc0.png,
87e9d0fd392fce693d4e8e7415a2aa6cfb8a141e.png,
87eab4e7be0815edb250898198411aa22ae08d53.png,
87f4f10dc42e50af623538ad29703b01600048b8.png,
88075a878e1b7e32fb063d97c046a8b40c1b19c7.png,
88361dc2b4a54d46b54beba99c328c28505e778b.png,
8842176e06401ece9b54e9e78d0017cea72ecb77.png,
88487985d4f6481b32f3906434edc7c390bf332c.png,
8862a35a1c037523144c6a72f482aad55e7e62c9.png,
888b2226848a40c45423e8fc80565632c322d8a8.png,
88d23feee3c75ada37eaa5b14308cc5ba9e83ad6.png,
88d702bb3352203cc30ab91c1dfc436feda50fb9.png,
88e87af69b626fd9c2bcb6a2cb164b1ad9c90d5e.png,
88f03cc4c59e62358cee03a5de82c513e574e4ce.png,
89394db771386427a8ee0c7a701a2ff2a4e775c3.png,
897564cffbf34bc92f6537a004d19f2c3585a5ce.png,
8982976d806bb49557904456e2a49f4eec3b0f42.png,
898a760d1fd81ad240d8c23222bea16fd566f8f8.png,
8998567501a8628adc583836176489de4e8fe437.png,
8999f98a961946870d1894c5d663428da516de6e.png,
89a2de1dcd4f4037ea4bc2ead35f8d95a1140e1c.png,
89b8a487b30c320123bb7d99a90a25572d349994.png,
89bdba6c1cb1c58cbe49192f0d82d2c50e469b64.png,
89d1819a57bcf095ad6e593e09de78912c8c4f9d.png,
89e17885cd0783232236d893e43e4708b01172ed.png,
8a08b673be576e048c4de4a37e0f4dc643f4d21d.png,
8a171e0d79fc31ba9c3ee1075326180f5c97759c.png,
8a5b9f55e42c307efbb92f2ba734567d107c077a.png,
8a6012ae0c6491bc9b275b7d6575367d08eaf59a.png,
8a9a856476f7f1c98f5f3d14c165b793610b55f4.png,
8ac5f1b39109f83fde65d57c69a5a7738e19e0d1.png,
8b3bef7c601ba27f867211bb00cdff779f107b4d.png,
8b4b84359db940808ab873f1e22cd54dd69d960e.png,
8baa87a1cd30ab4f931a14b8cbf1aff35abcce80.png,
8c013ba06e30fd60f2ed480c7bb451662e1ac791.png,
8c09f6bab4b48ba1053eb3b36d2675d8266b4a4c.png,
8c275a7777fb568690276f1240998267e29f6dcd.png,
8c4609b5048eb88aa8ceca7f391964db053c815f.png,
8cc4ab618a7f49b1f87b26d2512a35dfcc49d81f.png,
8cef949460a4efca449ab3622df3d17aa50d3209.png,
8d3137bc82795e66649ea481b14a6945366008b6.png,
8d7348b89f80455548ca611737bda8fb0a5cb588.png,
8d7d68bb97f816f7d39453870ff0e89b8501f105.png,
8d89a13c0d6a33d0469c9f47f2cff24ddd9e2293.png,
8da111813b7df507f66c7de61d7dec1a2c3f66ba.png,
8da203f81215688a3c1572587d36ce272d487a8d.png,
8db4297848ba84019f707a46251437b21306f2f6.png,
8df180c1fb90185c460bb2dc062041d3ce5b5736.png,
8df1ed94da13028060011a4e56a48ff3cf539716.png,
8e2131e2746d52cce50f11c60fba8b73b4c82377.png,
8e2764a6dff53618340a408631c4239ee8f30b05.png,
8e3f8da4005357e9cb11013a745f27b61a8179c5.png,
8e66f71f061a54660e7755ff1bd5bcd165bfa705.png,
8eaa826146d4ca4bfef16d9879c543219f99dd1f.png,
8eb987de6a62a52384bdfe751e97d1b92924a186.png,
8eea6f9c7a1ebb8fe239779444156803f988adce.png,
8ef6a0470890fa241bbce17280b372b7b1d17467.png,
8f0bd9ff990e9bc536ba13ef841fa63c032c0361.png,
8f2fbc771e9536a5ed011ec146b7f2d3759622ef.png,
8f327a4faac2578d6f950d53ab4ad31e20da5d08.png,
8f61523c39971fa1b9528083d721a9c0f00860f5.png,
8f800bedab0630ddc0b1f86afa1fca86e4ceafc0.png,
8f807a1410911ac7dadefa0f5dae7315173a75ea.png,
8f968422d9f9f61884e668ddde2906d54c538f79.png,
8fbde051768d43d6b7587ebfcf4670cae2eea811.png,
8fc2f5952bd516b5eeeee50155197dc092c1affd.png,
8fca01db4319ebd036ae0588db8d96f17f669539.png,
902b26dd2fe3039765b76ccf7d6e79c3ba2489cb.png,
90aec04c627968247969f38331d3cda1ea07a412.png,
90e0a0583a72de47ae10ae892c6e54cb2407bb9b.png,
90ec36cab644dbdcd2850d49df6900cc15c830f3.png,
9132499bb69acbef6262b6460fae69f476f8a573.png,
919fae6852a1537ed8eac0ea9d190de4fe7ac9fd.png,
91b48472185da7c49ebe0e731ed1c111ccb845ef.png,
91e50240f1233969b658621eb8d9dc765a152d15.png,
92149e17263bdd2a114cd02d89477a860db028d5.png,
9222a89fcac6099cdbab0730a7d3dca98ee8c828.png,
927b496eed28dd8ee458bd37298396c74c8b38ed.png,
927ccc731f49348b7015fef142b90aa160fbc74a.png,
928a3b8498eb9bf1ffa32375c6fc2c104e6fe78c.png,
92a1f75c53f3e690f4f2400d74633334f9ff95a9.png,
92c831001b91a112e3418a62eca2f05c4bba4d1e.png,
92d7d071ab6f3ca82dc4659f31fc625399f96b71.png,
92f5b70b40c503f09c3ea736c96ead356a1d596d.png,
92f6604c86f14c975b6c60be36534c2731c9e0c1.png,
92fa3f1dd16ca83e6ab7ae32fd7f2aca08d1d738.png,
931b4f861850de4c95ee578df3a1227dd75bfb20.png,
93247cb15b145c43bf91f18c728081b3bf9176f8.png,
93771147bb4e03f789db4fcd5591165b9fa40b07.png,
939e3a788a392d5b5ab99dd1039dbefeec886a06.png,
93b9aaffd03aae2b427b87174c99b096f10ae6b1.png,
93ee5216fe1c967666538e3b2f7875c6441e42cb.png,
93ffb1eda611e2ea57b2debc41f3eacb5e0a5bd9.png,
94039b75dcdd3a31574981dc754f2624accd36e6.png,
94064bcb692e2bd32c20974aa85679556f462f1a.png,
9411527ffef0f35ba43b3db5e0d28d5435eaa677.png,
9438e1666299f1d180649aef3830933e3afd3b8c.png,
943e9b830a9f4af6d1c7872fa6b1381c4855c94f.png,
9446540889d22d7d3766ed03146ff3a476153db0.png,
944c0e1948fb8af9a24008df44104c3dbd8b0b81.png,
945014a042aa976c7360fea4b14b74fa77d013f1.png,
945378298d23085b9de3367f9eb887b25d7c2764.png,
945c5b7c1805dfa562d94e974886fba6701b8a29.png,
94899d8fcf956b01b7cfebcc4397b299632f0fbf.png,
948d006c7d7ffc559200223cbfeb0cb2d782074b.png,
94907d7b9cad431cd3fd7312b7177c42a8ca163a.png,
94a3d2a35f73cb55d2600fe4197d21b89d1c641e.png,
94b19839f626a4d16a69a9501988a4d105bc4e91.png,
94d258638a28f1081dbddfc664b5a57b812f6b19.png,
94df442b62948e386d2627b0beeb71c07357be61.png,
94e60b959db84b5d55284ef08fc84267d8de5c53.png,
9526858b2150d707543c7b80b51672745d25ccf5.png,
95583be2a364cbe5b5543c6e0a5e0da4739f2d84.png,
9566fb48476176346b73fff13736423407a054d4.png,
959cc6f8f73a659571441dd889a51a7ad5c415a0.png,
95b10f7bc28a07a0225f9da35cdb46c78410cbd7.png,
95bb20eaeaf24f237d4e89f7ee580c6062d08679.png,
95ce39f6092035a4bbfc9d2c0690d7f1e89582a5.png,
9685905e4d81c0a7af6608a90a44bd147a69f36d.png,
9688464f28c6f6c3076fd7b45fbd0de19221022a.png,
96902dc7181782f1cc99f97ea2154ab31ae24cd4.png,
96b1deff32e6c7f771da981ba10ad91f3d3b4cd5.png,
96dd93da0538348277af4dbbbb26cfcf1e69c919.png,
96dfe39315099ce67c64f798702e97cfcae939e3.png,
96f439aa76f80dd52ab87710b1180b3286ebde2c.png,
973df2e40d81a3471937358e11143bb9751eb7ea.png,
97ccb8b346b6a46c2245bc6f6ffd4a6feaa31bbf.png,
97dd90066169ae44bec62017bd50fc35ccbe1dd7.png,
980793971ab45c98c99a171b45e62f112e9ae162.png,
98113a5b7b9470d74ef919e6e52be6a93c540529.png,
9857cfa2b3611442756a6e078a5084172941c552.png,
989255e13d0003eb355429eff2f7e29d22832da9.png,
989501254289a33111d3c98ae2cf7b81383a78af.png,
98968fb2c39887a65baa36be8abf9501af80eefe.png,
98a3dd253e5e2e225fa88580f03698263631eda3.png,
98aa76ccd1749590cae23b3900469a63908b5e70.png,
98af514ce0b30c341f8b3047f9b0c0dc311ef756.png,
98af7f12af116c4e4cef609870b282b8cf03db66.png,
98ff8c929298f3d6f96f05f2d3cfac626b28c97b.png,
9923f50ccacc08749b1d379c281a7ddcbc54c37f.png,
992e532626a188eb3f40140bf658dfebdf5ae624.png,
993591171d3324fdc90788054ad6285cacbf9f46.png,
99426a5e1cda44a754833dce977f3ca1880cab70.png,
99462dfee46f2042c1045ee4b761071ef92d62f9.png,
99476679a1429d32a94e5e95cf392cbb1ffd34fe.png,
99520e4f2a1efd641d04018910cf0e35c9432ba8.png,
9958f9d4c79227f1429249dac5a418c152d122f3.png,
999072652198bc4bd6f8ad9163f7a714556b1deb.png,
999e4ddf945faf1680cbf9f34fb693764ddc8943.png,
99e34c7fab0950a44fe96289a2e95b9fd0bfe515.png,
99e37e67aec3d057e03cc2751380d6bfba8f7260.png,
9a589c705f774537031820283369e457cdd464c1.png,
9a5c90b52056297e58a8ea0c6ae919268e0ef124.png,
9a710b348546e744150b44de72184b3d372e85e0.png,
9a83b6c85a54e629cd6b2c709fe554e617f38832.png,
9a9e51242db038365fc3823cc1db355f13761120.png,
9ac8f0472707d3f8f2b1c4920d6ebb79119566db.png,
9b16d10c5657def85d6d120c3c07b5ea6d6fa7d9.png,
9b463e86896149f2425a2c4f986fca05f942614f.png,
9b55aebca65228606bfd19b187abee5d7d1d2f54.png,
9b62d346b35a57816dcf5514f68ed30401443629.png,
9b812d1bfd36e57270a8ddef6367e934fdb50281.png,
9b81f63762ada81d9be428486fb3974a0d172a92.png,
9bb5a186a77b7cc3d3ccbcd5857500d732d749e4.png,
9bebe7deb4ad93fd7ab362cd80af61b979baebf3.png,
9c2e26fc4a064c949f806a7750d18a321af7a7e9.png,
9c3a812f592203f168cc3fa5887e1b2763d32cf9.png,
9c3db928c1f452b7dfa9756f6429034b4842c6ff.png,
9c506f80a1c7b702bee4d02ccf58bae62a79f899.png,
9ca7885034012476df83ec950b43b32a28ea1a7a.png,
9cad1014e5eff56690ad45d9ab08f7da090276ef.png,
9ccacdb67ba9e8f7016dbe70826e8ad7917e6065.png,
9ce6cd4123d26d654f39d2d361ef1265dd79da72.png,
9d8edb38c1ba9af7905edb552c05dabeb8832d20.png,
9d997be10548a5f30e9e06978569e6281a8c335c.png,
9daabbbe493f38d7bd3c16f8a26474f8bd10a22c.png,
9dca105f1efab989be8db108ad7754e4317b6444.png,
9dfe39636ab9d2e0cf3ada9ad5cda2c1d3ffb155.png,
9e0571e723ff839e12a921bd707b8e3d59a37247.png,
9e4c263e1ce1fda84ad19d760b2f5e00790d5a01.png,
9e558d041617bb46f31b02feb628a81f1ce6368b.png,
9e6f2d4336bfcbf74f330ecc2395dad8704b56ab.png,
9e894476217b2e9add45366710553e6a41cd5780.png,
9ea3649a796cebc4cc5d14e6fadd4d3ef26c2325.png,
9f3c9ae339e4e845b3579a0b39044249c180cd8b.png,
9f6c7533086fa6e5bf2945b004ccfeea7ba1889d.png,
9f7c3f1af2ef3b13137f0485f64914a1cd332baa.png,
a000fdd24f3b746ba8afcaace119098f151a924f.png,
a01bf2832b7b3498584c87b9a901ddd24797c34e.png,
a01e4ee1cb4e548fff76d93f355f9ac03f16395c.png,
a0229787de1670d9f53b69769fbea35ec543c778.png,
a095fb5524200c0f59f96b354e061980e01bc2f9.png,
a0ad57b116e42e50b4aaf9332edb061b95a34ab5.png,
a0c9d79c014b632b19914db66b5e9beccbfaab34.png,
a0f448e9b097e770954144c43d1a291c6edd9a83.png,
a0fd3d324cd9956a9b51ddc1d48564ae94c76597.png,
a116de5bb307fb5a054ba22855219126ea026f4b.png,
a14d32a38f17e766dd7001d666d56238d1a8228a.png,
a16c32333cc116c041ac70346ca68b2982932d2f.png,
a1836662d10331d3a643d79fb35c0511f78bc7ed.png,
a1949d2ec01428b64a757a5fa73e72fc5e4fb0e1.png,
a1a1cd6007ec7d37589f6fc404a85fa8b0fb6457.png,
a1b07a220b19d0ddb7ee8f211a893220b967ae29.png,
a1ecc69aac97c7085f0c1f6c5e943c3d72819b34.png,
a205cea81f69d8814662ee96ea28befd5a9b2c21.png,
a20c2aac05100aafd76f8799a6281d8496c32cd2.png,
a20eb87669ea699a36e0ae655e1e72d66f6437c7.png,
a222bc2586147254d94132165da54e4b9a84bd93.png,
a23b40c2282fd02beac99e6f843e2a7523db745e.png,
a24fe73e5c0f35f8f675ec97799e8f81a0d26096.png,
a265be735432a7affefb636c27e8a4e86f175fcc.png,
a28a4aa79ead94277beeed79ef20f257a0e15811.png,
a29ff0198c9b34ecc589644eb36c9dd83deb4377.png,
a2c9df8b940dfc531a2f27f3592b30f331b8c82d.png,
a2cc3ef8a63087f6c9122e60af4b438d843ae534.png,
a2e71e0e64102543e14c37ab043e646120ed0936.png,
a30ef9795716cbae9bf5ca932489a67fb0399d9b.png,
a32af128976435040d4cb3ef39c32c4d8a9b856c.png,
a32e7f200046cc7b7d96f36ce614b1f51bc99ced.png,
a3358371d58a213c6f1337d8df8447ce8211b821.png,
a357a5b0102b0c2047d37d986558a648f9d6dafb.png,
a369c5ad434a3b5141f8c3e842f244c6ebf93b5a.png,
a36e22df34fc51ffa8e741c4749febed457e4cad.png,
a3882621b521450e222af7a4ed35b35429d10e7c.png,
a3aaeba52585884753027d8158c932ec60bb6e9c.png,
a3bf35e08fd709d2b30694baafcbd7377899f580.png,
a3d2e88803bc6b753afbe61a2c40178578f2b6f4.png,
a3ea2ecdfe5fe289d8dd52019d63990ad3b344cb.png,
a4054f03abaa71a169550d6a7955651a9f22b048.png,
a40a82cb88a08b39e5d43663f6fd122a16540462.png,
a410c87d1b16b58f2b5eff934be2305da437e6b6.png,
a41d0af8e66d9ef99f5716053c34ca7bdf2b0607.png,
a4350129a7d7b5c7909079a214d26e8fb013e721.png,
a43f6351717068bbb9a8190b9f9ced643e9e4bc3.png,
a46f87ef09b6350fb1a5c6e95aeeabb01d759ace.png,
a4762aa25cd16678219c173469d258d3d8394292.png,
a49736a36cbe395076174bf747182d4b94484d0e.png,
a4be934f2a260f92c45cbc910554c1d2e8f7c6d7.png,
a4d9ec81a1297fb91d03bbf16684a49df99cf540.png,
a4ec5871a5f6effc0fbe23667a8b68c7e5b837ab.png,
a4f51121c3acf5e88b79d9a4f5779990842b6658.png,
a4fc4371686a90fb624b9ea87c61e673ceb7765d.png,
a50236dde046d96f036128f49d7cfba0b3e0a411.png,
a5218dc158c96de992ce7d03e07cf9d497ad0c52.png,
a55106439ca19f2b2a19d0507d165bf17d30f7e0.png,
a551c86748d20295fe9ec219a7c1ba31df06d104.png,
a5763d9fb9a171a52b9b80bba15988f345fd8428.png,
a57aab1ad84f9bcb6475f49a545a15cae80871b7.png,
a5b0977658bf65014e267379dc6230285c18ce95.png,
a5b17add153ff10a70ef8e4c0fc0bebbd9e00a9d.png,
a5b58d2cccd6e725f868b67f271690e6efee1713.png,
a5baa6922bec44b514f546e4180a5f1576975754.png,
a5d683530173b74ca82ef9672bc3af5d95127c72.png,
a5ed5469a60a229596de814a3283626cf9fdca97.png,
a646e6f69d953cd2e09b7f854cfcf1830b2de12a.png,
a6699e0438c9f9f7ea1193da635868a3080e3310.png,
a6801e319b84cf0479b9aba660a86087ea70b79a.png,
a718dada613b6d39efc17b2a562cea245ad7771a.png,
a720d8df00df522d67a83775381fc6cebeec597a.png,
a745c5eaece844840c9d824c0d0632f96d4da90f.png,
a78d386a34d0dcbc1e26ef1b5e87cf1444099988.png,
a7df7a027b881d1b1e2ce71f9f713ee8cc9454c1.png,
a7edf1759f3e200eef086ac99485294abf2dd0f3.png,
a8035128b2b4ca4b4b248582c1b1b1aaebddc638.png,
a81bcec8ba762eac6df42ec0e4eeec9c87254671.png,
a87f3b16cc51d99309cff6362b0538484f82dce2.png,
a8a9f31de96c7d31ba44a899af10a46ebea0e11b.png,
a8b316e63a989843e4a5d2fd74e44a40dddccff0.png,
a8bce7767d8f4116ade530986390fd904ec88ba7.png,
a8d27ccc417b2c111ebfed828dfb31c4c790d8b9.png,
a8e3afc07f5f8b53086b1a3e4e53a0196366b04e.png,
a8ef93c8ce436bae46e4d1f6cdb4662174f78e28.png,
a90dbd418310476f86910ea5c7bf051fcdef5033.png,
a94118a0079c739b6f51d8a1478bb4f7ebd476db.png,
a9450b4c8967291948f9feaf7996dbcc6a668677.png,
a9495e8ecd806b3bd2429e892ac1bb77b0e3ad69.png,
a969f5e039400e722edf52221dcd80d220f476ac.png,
a984d31c8d97d2c9efc20cb7b30aed0a235fcba5.png,
a98c33d920c9120dc4e12a42b65ee019aee699e6.png,
a9951aa56ee1aafdcb267c4c65af3331ce9ea79e.png,
a9bb4d407321c389ebed7d655e1d62183197c260.png,
a9c58b7db65c4407021672a43a3d7aa53010cd1f.png,
a9e4b216a9b095675184fd7310bc0fe044debc3d.png,
aa1df89b97ab9242d6bfa1f15cccf0e2fda7d62a.png,
aa40101da9207520789858a58677e498c3b219d7.png,
aa64fccbbbf296d0427f11545c3d5f287bbc3fcf.png,
aa7f727af724a14b5bf7ef33bd5188f5c35cc55e.png,
aaaf922c5b5276b4e71ca435dd207bc9ad7b6f45.png,
aae9c45250ea7d1b78f03f8d6179b37ce0d1fc53.png,
ab2a8a54ce520acd4fb9be812fe73e9422b95455.png,
ab2d245f854679c9764c0acf21cdbe651a3caefb.png,
ab3e0b5b318a0548032e4d381bfb79c0b3e878f0.png,
ab4a394e0d4b3a6e5c0c137f0a290d39aed43a06.png,
ab6f253ac266d41dd6d633b79104e38d4798ea00.png,
ab84a3e5302652d59a83945a27f30e1d71764e32.png,
aba601359d3cadeb01cd8523b153aa4135ec5d27.png,
abe0af1a718100caa012fc049573f00601d898e5.png,
abe598aefe250259c0788f48084fb58f6025a39d.png,
acad9960a7a8e46a17a357e5d71b3b3637843c8c.png,
accc5cefd48673f92247582d55f0d84759045986.png,
acd20a6f349e2ed4a265ecd9c77a820ee7d57c32.png,
acd4fb26310e049285633602901d882816e56996.png,
acee2b4d2acf3488494d31b7d322acc5c3b4776c.png,
acf1a02ea9ec827b60782a82c86e2591e27d1149.png,
acfb55346fb27291fe415feec79826d363ca24ca.png,
ad0df2501f44a832bb4b05fe58e13a56fbd50401.png,
ad1a3b6cede896987abcded50eed2cdbd38e4d6a.png,
ad24f316a201ba6dab0829221288d6a1540f4546.png,
ad2c02bd0acc629c8b17b860d5806cd502d3b7c0.png,
ad90cb6ab34b0c969fb1f38f5aacc0c188408839.png,
ada3f8c4fcd2ce8695f9d44e86d411a13d145662.png,
adabfd8b13c27131e05037e09e834df12e8f8df7.png,
adb5defcc6b5cf60a3d80440580c6d7f30b74fd1.png,
add61f00cdc8728da381a261bdd3ed4f7ca15925.png,
add802eef1a40ed79518329b8b5f4dfcbc2930e8.png,
ade86e11a4b93ec5844deb2f079b8d8241718d4e.png,
ae0aa4917387a840a20c7c0dc18906d22bc2f90d.png,
ae0fb3ea0b95950f6592356b834d10d7e8648d02.png,
ae14ff956de11a869486daf0b106fe4b464f1906.png,
ae25932ad362b79fc058003bec4cddfd944fff41.png,
ae359cbf15b936b9945e32d72097857ffb64d898.png,
ae45566aed1698dcc26325145b7463af0dec0fff.png,
ae4cea6a5e84aa59b87d2f3f245ca7183027da91.png,
ae5c3bf0d198dc37003ce6c7a7ff3cbc3097fc9e.png,
aecd945831bc2ef5a9d7d0bcc1a3614aa88be636.png,
aecfb3e165aec68534b1dff28e71c6e7822eca3b.png,
aed2da92e487674a0564732349ebd291deb12483.png,
af292813eea4068d6611cd97042b1ef396f07065.png,
af42cd1cf40270f6d9ad7095089f97486fc981f7.png,
af53e270c95f2204bcb84102975527dc0ba93c2f.png,
afabb570338c0db59e5917ef853ab3da009cd9f5.png,
afbdb4738790bee09757abab8581cdb36af8e661.png,
afc747163248f72c1ce139500815f4a1f680f115.png,
afd904c93de66262d1471f207a7abfa0f69067bc.png,
b019aacdf7b55f63867c7607e88755ca87f12b92.png,
b0451a2f14f5b649b25844bd5c1cf19b66aadd88.png,
b053917039b91ca8dd833e69b050eebbaec55d42.png,
b0764edbd917721b5da32dae4505b774f31ee4d0.png,
b092918e32ef1ce2ac9c62749ea550ed7007735b.png,
b0b960080296c14a1b9a6c691effe6c39f8b9290.png,
b0e834469da1d83544469e79febe1edd758f9572.png,
b0f7a1d20df183dd1d850d985601ce20f9a02da5.png,
b0fcf08daa6ed94a6ab2fc739bf1d185f5607940.png,
b10572f2fccc701fa8b39de173fdb3d415193e5f.png,
b10ce6dfe84043ba613777fd285f280eed9deb23.png,
b12048f0361fbb48aa077459b2465a0f4bd42089.png,
b14e80e573050cac83373101c9fe74e364379ae8.png,
b178cb6193d85bb150c3668a4b706ad89bbdb1e9.png,
b196490e36136e000ac93e813c98ecc23a23a0fb.png,
b1b77014487aeb8bb8b6690d7c47acdd3c2f4ed6.png,
b1bc80b32d90f7c6b7b673898da5e744f139f127.png,
b1c2581d9818daa5910166770f178713e1a8b5cf.png,
b1dc8f2c440e4ade688ab26b3016bdfc12ea8654.png,
b1fad51b1d0a51e46850daa6a816ad27539f8298.png,
b208713bd55534093d72c0347ab76372c8a3b5c2.png,
b20e28faaa8892c12b1d288dbdc0de240ffd8277.png,
b2461d6516f6e41c3175eeace0a0890d3bac1fb2.png,
b283060dc79a960314cf1bda2fdaf5747973ad8f.png,
b286c9ba6dc671d31f83931cb289327446fa8983.png,
b29dd5218c3414b4cf49c9963a5fbea52b5c3ccd.png,
b2a873954bf3612c76f823a7929abe1516dd2625.png,
b2b66aa33eb9f767c2c3a4a3a536bcec68b0db7b.png,
b2de95a7b8a42ec4246fec5290455908badcc93d.png,
b306a35ca851eb2422e827dde0e8526918d1e328.png,
b344b97d87358f9d26c07f358999d97ec1be5bd6.png,
b37091ef560fb99b8b8135e99784a93c8a8c2f98.png,
b37b898e180d6911321344cdaff3bda56f03511f.png,
b39ed36c1c3def3e7d2bb7b29493a145f1543fac.png,
b3b3db666b0a7375cc72429055851efe0e838467.png,
b3ca79e4135b7ee0e33a12d089ec454615da8183.png,
b3d026c2719e8909010bfbb9d89c58107d69c9d0.png,
b3d285fa8a78e115858370f2a86bbc5f373eb2b5.png,
b406db88c42a26fea6c5b16f0659e17ec2c5e502.png,
b42f20841d754ccdbaa30a670358e8da26c76ef9.png,
b434890222ae600dd040c60fa64e117edd4b484e.png,
b4406e9c143e572782989f93d212ea86e509dffa.png,
b4415db443e68eead5a0840d4cd31239df454bae.png,
b45273c15197e987926befc72753f27e1d155c72.png,
b467c6bbb66a75944cb51195d22fcc48dd8e6dd5.png,
b47d109729185b563d64abd909c0924cf011ed72.png,
b48a4a6dcfd1088ceef965b3083ba62779ab7e9d.png,
b491e979c9813784df8e68da871824b59424e261.png,
b4d94bfa55063754780cfada05692c0f0059efc9.png,
b4d963b01e7cea7e123d30e3265e3669948354e1.png,
b4e8907563da3ec7cd09bfe59fdb63d5cd76239c.png,
b4e8f53931f7ef53614c152270ca56e8c2ad6629.png,
b4fce1b296622683d5dbfde8a8562903edc83acc.png,
b51c5144920bcfb47e515d22c96e9b2f114919b7.png,
b528b47cec6ba69420a28cd25db355e7a4015d1a.png,
b535562509f2add57463fdcbf253ce168b7edc2b.png,
b53a5a128631f2d792aebfb855176119ea74471d.png,
b5534e524e995837cb15c02172d90b77a5a58e42.png,
b553ea537da784f53dc45b5374f30481277f3772.png,
b59c03aa6dd6b9124df46af07754bad228133cc6.png,
b5ecfd176698a74e0a8e9e82902cd115255e6e21.png,
b602222504ee4280c806c282d59dbce7f1706a40.png,
b639180c8d1db3f5dabacc219822a64057c9e985.png,
b65983726ba06e5f85369c41247bc162732bb4f3.png,
b687c48dbed6f39f15e0143fb89a8b28a5f7f666.png,
b68b8a6d3bc15d675d5ade2725adf995f957ba67.png,
b6ce5b472d3ba7ed1f7ebdfb80a26ddbec38d37e.png,
b6d0d280b80e79b5678b3aaed1cd040fc68d5e31.png,
b6d62d5754fc9e3c397f06f0b97f75148935f7b3.png,
b730468d62c6ad730122dec47c23bd34fbe144d5.png,
b74cb325b7bbc5adffc9f803190ff610a40a6835.png,
b76daabeb0c83c72d8ef9727e62b3686e61a2f03.png,
b7db1329272eb635a466fad3520c4ed20cca5dad.png,
b7ec90fc7a4acdf1f36438320f5feea4fc98462d.png,
b810c2f4d066b845d5c3c2862bdedc04c999c09f.png,
b8155b88a19bbd15f7d348894c8e39a34bbdca5b.png,
b8bc1b84e61025bc998370fcefde57517740cbc1.png,
b8bf6db46c9a48f3493e77932f7a8a8fa5ae4363.png,
b8d210bf355854a6c6feb1bd46407b74241cf60c.png,
b8e827346d2cd2e69a1b19098bb7f8778a485435.png,
b968e1fc49b3b8440657e214cc726e0c8578bbe8.png,
b97df97e1dd75ccb9512e8a76a11dd6c78e289f7.png,
b99102d5fe503ec23815a3d58eb180fb762d16cd.png,
b99a800ae3f3127731cccd1373935f2caf18daaf.png,
b9ae84f6b236b6f3183db26de277af4fcde42c57.png,
b9bd1e837d62b84b6ff05ee7a3ef71b47b577772.png,
ba0cb087686e17cc88c8ae146abf2f2ba89d4324.png,
ba1ac6945521858a6ee9ebdbc9745fb6267a3e13.png,
ba1b0310bd4a82c75b6801b736d84b7e87a599ac.png,
bac91bd07d8371d34638835186d1c000ebc79c73.png,
bad12da7ba1aa52df8f57ed277a0d77a9bf1c2e3.png,
bb097d754a13281fede94d122214b8e84ec68709.png,
bb5ca55c5482988e99eb11f24e41118634836788.png,
bb77b4c0556a83c46f5b0c7855f810a027486d6e.png,
bb81dc4bf6e99972c21ceb232787b6264a935ec8.png,
bba24faeb817cca59b7774376a2025a724a2ac89.png,
bbc1b3eab58773da4bc0b9cd9ffb27756a193030.png,
bbe513a04bdb13b5509d6ff2d9cef3cf10330b6d.png,
bbe674530e00ac9f88aef2f921fca6cd0dca2ccf.png,
bc180bc9678ba70f1b7f946ed7a064c8c3c5ea27.png,
bc2d49bd34a00673c73a4909276f13ee0cc755c8.png,
bc53fa05c10fa78b95c1f4a2bdd4584e6125bea4.png,
bc628dabc01d679be0b26a3590ec9f982e6d196a.png,
bc674c68ae67c6981ed8bfed460825472a03a2d7.png,
bc745740fa4e6243f07ee5631596a92a95aae1dc.png,
bc7bbeb9797e23867db826ba34560d7455a9b951.png,
bc986e0b9b74bdc2803eeaeddc3ce0205b7177d6.png,
bcb3c0279939764fbd88d7d034eb0196a3b4c997.png,
bcc86aec58efc1a4f44bf351085a2c3d25bf228a.png,
bcd8ea25de4b8d9c1405823bd5193824473e150c.png,
bcf55b513d93ededd60b2dbe07b936e30064b65c.png,
bd007389a6eb1e6e8d990194da466567eae1f562.png,
bd683c988710cdbd70e933dd4b83394014b9904a.png,
bd689f11ee66c2d6ca748d289d1b773fcdc57b2b.png,
bd8ecc342d4d2552eee16f3487db21c4869f5cea.png,
bdc29e45169b3bafc1f6362992c153f607461acd.png,
bddf383ac234827fcd215aedff91605685d9f1fb.png,
bdef4d8ceaae858ba1018157e0b8865dadb7937f.png,
bdfe4f22f20e717d80e961f2636cc5ab972d9b6b.png,
be49f358113d748c36cd1b2e9f03026ac8b3b1e7.png,
be72d71f5d58c78e7de50574683f84ee08f026df.png,
be85d5541c389dd07b58a4653c75ba2f46711988.png,
beb28239ff184c03bdef137dba8262a185c6caca.png,
bebb9c69672635193be83cc9fa72a03f9cb2ccb9.png,
bedbf6c784e2b20a8c04ad00fc82df3593ffaf86.png,
bf36ce1d476fd3ba4dc47e935ab09a4c315cc777.png,
bf43d0bbb838698e6a6e70a701d95ffca8996232.png,
bf6959ee34be7369b90bd80a70a69356c6d71f0d.png,
bfad7b87b038f3c785ff341147e233a42ecc9dff.png,
bfc58675156baf907507860412ad9d7436164480.png,
c02c960f35a3d41859d398046389a956de9f2e9b.png,
c063863452747ce683b991e4f456267b258f76e3.png,
c08f8aa2fbdac9a5ed262870ab5d78cb79c4cba8.png,
c0a77d09b1c5f631c6fec0100349b1d5f5bf2da7.png,
c1255d39f07fdcc5a12668cd6cfabeb2e8f23765.png,
c13dcf10113942750aa29268a617c6d1570feb57.png,
c19a8d4a4b68679a7ba93ba0660c0e155a425307.png,
c1a50efd0af929ef1c51c83536c8eb3351d214c0.png,
c1ac1d769f0ec581a378d7b7c916e498e5071704.png,
c1b9adf4fac760d7c237389523ec3e363789fec3.png,
c1c47c8d8874f463ad6940b250daf0c23df04a30.png,
c2a827fb7552b71be7cac403c04ecd1a0becbe74.png,
c2ac7526d07a3bc6c653ffea225d97f7e556eee8.png,
c2ae7e854da6620b5de6c77054736162d5f7734a.png,
c2bf3b940b8d5a22f0d2e81313a177e95563825b.png,
c2cbbdbc116440f3aea4e849398970d7e0b6d414.png,
c2d39b3cf73e960a85aca54fb1fa4fde6c8c4710.png,
c307f0b90603d2563bbf584259df4ec3b8652498.png,
c341e4f4f049624f4717c98dfb9ee8f2d19fa35a.png,
c34a01b38d46ed562a34bcdf8582921b05d20b62.png,
c37844f881c19ef78da80c1c1082f4fb37e1a3e4.png,
c37cf586d3ad5f472b34f3653a8c6546efdabc26.png,
c37dd9ca9f59031c964947eb35611bbfa4140ffc.png,
c38e21c710310cd3a17cd1fef235e7a934a21a44.png,
c3b37d45feac09975e0784b5b01c8852bb01bbc3.png,
c3c8633a811ec9ba934fd5b79942dc861a54eda1.png,
c3dec0acb6ee7ff3ce02018644ef812456ca55e9.png,
c43d9dfa20af6f98eba07e8b517c00c2ac3422ee.png,
c4582d9796cb61fdcc9d8497ebb868e3cf53e412.png,
c45f671bef156a8e3e7b8fcc87949c7b485b4386.png,
c4a061f8cb0f6f5369b565e8b247b1773252c650.png,
c4a2d83d91be8a62fccaa51a9c4dc55592c9ea6d.png,
c4a8d863321aa08af97e6f1d36466ee6be8241b6.png,
c52d891b68ca5d505bfc1e277d0a87497e3bd16d.png,
c54a62a41f25434f8d1a564aee285f9087c055a0.png,
c57090293e4c1f58bd117b2b944619e7a7d5a682.png,
c583c9470b8d48381b2c1f16d29d0649be0a3390.png,
c5bf12f7e4671e72ba5663c491b437893a072a1b.png,
c5dab80428da861e5d8f98016d051762d31722c5.png,
c66a20a36ce3dc13e5f89ba655fd06fd26c20241.png,
c6dd7f3d9092f708c2e8847a6ce27e6f9ad8a085.png,
c6e5070b6f6d0df45fc8d78d378c90cb7435f3fe.png,
c6ed254c30d21cce465fc452f7421205ed941b3c.png,
c6f8197dcadca35409a866f6d817c7514083a061.png,
c6ffef35b57e2836a0909a4a1ec030487de448d4.png,
c7617bd38c62fa20625a17687f46c6ee47239238.png,
c78a748f05a09c9db26f3eaaf694e59e0bdfe1a2.png,
c7c1de171d2ca438aa63254a9a89baf148afaa48.png,
c7d4208196968adc549b3eb380ed984b9f081bfb.png,
c831cd2bdb71aa4082300a4d9dd49722ed096625.png,
c83ec13d52f83452935701889618503fef9d31f2.png,
c888602ec4f54bfc560089d440b132c4bb29c886.png,
c8aa9aa79b0dd0ba527d660cba23723de32f3846.png,
c8e003bff6aee6c44e1ea116f67b998f317770b9.png,
c9032167ea04d946fa9992f12005efec7228ae7a.png,
c977324d53c3bfcbc62eb414f81817bf0a05d587.png,
c98924db188b2c47561ef3aaca3abe40ed08eff8.png,
c9a006beccdb139ea5bebd8a9ac95524e22fbb74.png,
ca04e84bd4a18ecdbb0e93465b9f3884dee83c8d.png,
ca3a8010f9cd5a7975035af0895391daaae656f2.png,
ca59d155c77797f7be9b39d7bbf41c28ac8cc9ed.png,
cab179b7c0c0b5332b354b3867a905a793a2bc95.png,
cab72964cf789300673caeac5442e9ac7ed87a29.png,
cacf13e338d9c0b1071411890aca8726b9cd3860.png,
caedf0536a93fbb07c8b4a17164974ad473b25e2.png,
cb6952cee2c764b123cf8c5fe9f36b36f81625f5.png,
cba77f9302a57fea1e4d97004a021e17ef52ab86.png,
cbaeb2e54e8d58fd8ca8552ab0dedd51f7f038d7.png,
cbed7aa1062d0c669dcf684df7d99dad989798ca.png,
cc57848c3bb82fbdb845cc4b39f0ad3f450f599b.png,
cc631fef506a84c77249226eaff3f343ac8a169d.png,
cc6a786952bd57537753527be4503a0cfff1ca02.png,
cc827251163ba0b72c0d6b16eacec34b46f9f6c9.png,
cc96bff67effb8df21bcfeafccde68496df29742.png,
cca3a7e459bc3b1d7eb91568f3c2c611a5f135b3.png,
ccb01a1ca0543c044f95c793085aaa4f386a5116.png,
ccc17868cbf208db180d6cfb17102965cb83b816.png,
ccd54465372ed70ad71af1e05993e24b581c9ef4.png,
ccdf901470110cf28fe10bb575764f7e5abaec8e.png,
ccedf72ba44d162c4f05a8c91c05adef783acfda.png,
ccf68392c607d0577ce79a71d34a09448740282e.png,
cd0833ffa05161ae5181caa9f128dd93bcf6112f.png,
cd1c31878b19c9457c67e0be6493ef4003df4365.png,
cd32fd8559f001844e3b8aa20f479d72c4748ad4.png,
cdabdcc087ef3bd335d321a1a9fdac8957470cc0.png,
cdb533e7a65e1d8f093bdd32b0b567461fa27f0d.png,
cdc5d7f41c86062f58547fcc9e0967c60d6f1eb4.png,
ce0e2bf27c2e44d156590d3da61f14632d7abe23.png,
ce0fe588c97a1ffbb6df7cc4c8fd64f2a7044e41.png,
ce1f9444c0a7b6c0ee186f75461066511087bd0a.png,
ce505c5324d80ff81ac1d8f9b0359a3a9ccf85e8.png,
ce6f9c299f2022eaaea1b7644e2662cf2d5895f3.png,
ce77698b1bc6e2ad400417b6a4e3a40a05f22897.png,
ce89ea02a470f0a6fb7c49997d464feda26d8d65.png,
ce8d61216648c59eaf96527a32b877c4cb31cbf7.png,
ce9097b0cd7ec877a0e0b56ab9d6b7db4a5a1f56.png,
cee596650a7e0d0ec770b3ee52ea5f86332696ae.png,
cefe7be20465136235b2a26199b21d570452b95b.png,
cf54b31439007a245a4bf6acc1ac6a5478260910.png,
cf5e6b533027b06d65c94feeba869c72da5f1414.png,
cf6901fdc9b2694bf324978821ba198b8e9c08a6.png,
cf6ee675cd268586826adf051e17aabbb5baf840.png,
cf78717bcf56d37c9af6c3e7002e17cdfcbdfe58.png,
cf88693413d178b74ac9552b7972ce09bbe02468.png,
cf9dab30fa70f65a6643abf0fc16967f1e8b45c9.png,
cfcdb2ecb25ec8cf7befeb946245f51e8687b437.png,
d03b92536a725d89b9dce92655d07299e5b0ba8e.png,
d093cb0c0caaada11e1fa2e6171aa53850415fba.png,
d0ccf7e41e84e1338148e6c2204f202a50456c34.png,
d0d1ea7881bbbce9b5fd90d7bb6295bb5e11973b.png,
d0d423a2cedcf08268408d8e220f67926dfc85cc.png,
d10353d670d3bbbf41a22ac711cf803373a6ba3f.png,
d11201171097bfe47bc99d92e9d9f8d82e38005f.png,
d129a81472e86217b323c5c8e8c001fe8c9fb16e.png,
d1377ab06d1270ae98b1fcc5431f87a78d6ba545.png,
d147391141ff5a549e9143295f24ce99fade7652.png,
d1587aaa8bee2799031bbeeab6bfc4a6414894cc.png,
d1729a14be33eaa65e22ab604f629a09c82a8e8b.png,
d182cb5ef8bea4c9e38c21cac3170f70f6b0c484.png,
d199482b3a7c1a79d2dc86c20cfcd48c3b201fa2.png,
d19b00e7a8b8c92f224119d996ba5df1b150006a.png,
d1bcf0e605f7c78639a0893ed1326bdb108e201b.png,
d1c69ff7ee2c15bdd0bb5e76c202392efb953a2f.png,
d1ebfa6528d333e874a24216e85080fa615298e6.png,
d205319ed7e2377a0ebce494c72f46df9837d494.png,
d205cf0998616a2a8589b2d141e80d4e3194c896.png,
d21c92a8c388bccd8a75d5fa6487d47bdad34f9a.png,
d23c2f7503ebdf11579fc019ea188264abf24f53.png,
d260ca7f1fb9993b8cc56863976328558a699376.png,
d26b25d3a3984355a60fc5fde7f79cd6a06d73f4.png,
d291dd43de46d14db8dc2754a67011980815a2eb.png,
d2b31f1da258eaab3c5bf1b1eb9d0dea0fe86fba.png,
d2de5f3aed99d1bb4b742e32a7ba0eb0add21225.png,
d31ba8647dc43754aa35561deb8f7b5290c6d4c1.png,
d378128b309340ef7c31d3b8f015a8897e1cac63.png,
d38d54bb6425982da3628234ed25925ea4db88fc.png,
d3945fb76f2282e8e1d1647bf606519dd7053fb2.png,
d396f9bb7339166c617774202f4aeea0365eecf5.png,
d3b4ffba40e41f36001adb9e374c6b8bb7f4fcc3.png,
d4117dd6f82b184f078c122d9600cae80bc798a5.png,
d440903bb4d575059a1ca4bcafef2a6a435fb8f3.png,
d4990fc2df94c0b871ffed789efc986c3e444bb7.png,
d49cd5e3624252c191dc2b8e84b01f8e2ff5b435.png,
d4ab60fa9d16d505185e4da5fb22e520ba31f11f.png,
d4ba5108187b0c9d434186d024be542522240b9f.png,
d4ce079b81a744b2745429f4d5f31bdc68b018ae.png,
d516df67ad8afa67db09150c6821bbdc82a4a75e.png,
d540be693a45cee1cc7388d12a1fe194a55f9e66.png,
d5559cb54547babdbad14b1e364827dcc34fd152.png,
d5869aa4d4a87548c15e0414d5d310cd87e91e87.png,
d5c37d413a69745006b013a675ab6c2ace0de98c.png,
d5d6904541e9c8ab76e58befc7102eaec458ceb8.png,
d61ab57b7d5f896a82e3f25b64ff1d0af9c3ee33.png,
d620f58667674cc9189009a3c0ba018817f9c50a.png,
d634fd9133ad08df6e5ce32a70c19340b0f5116d.png,
d63cdf15addc8397c8f53af4ed31d392fbc364bc.png,
d63fc7d91223b3edc1e2ca1a3320784fbc7d30fa.png,
d65738953fb05e88043729bdea7141b64bab27da.png,
d65f34a52fb6260733c20c78d9a6b507d4f52fa4.png,
d680144396dbc03514be4e9406e812ba53dc9b7f.png,
d680c0a238b5409487542b9b83a3bbc790a31b85.png,
d6e5f56e9c93730e18275b164e007e9e427d43af.png,
d6ee7178274bca9344874a2be0f1be902ed0b163.png,
d70a315925227c1ba61c08c416499bab3a1b43ea.png,
d7271ead97229b21f3c38d08614e8377e7044ee8.png,
d788793eb92f05edb301d9a9a4c3aa9cd5f61f53.png,
d7b175a01974cf0733caa79d771b7fc6a36c656a.png,
d7b9fc74092b60c4f8c18f4b3dc718cf839f9f38.png,
d7f27bd0d1cbbcc34039a6fae1072bf2af9f231e.png,
d812a34919552235c750ed18f2c3845ab9fa45f3.png,
d82084dc61411385858cfcb5c0190cc59ac3396b.png,
d834947cc32943d990c877b875678a7b1ef4d9f7.png,
d846ab78be8675b282caf938764837fc4d95b6b1.png,
d86b58a97ec274a3fb799b99be664a0debfb8ea9.png,
d8d1fcb51bed30efa81510dceb4b864aba7c78f3.png,
d8d78057e811bc7139d089ebebccf644e687826f.png,
d9402d2268bb32e5bdfb6a5c71d557444028437f.png,
d946fee356acfd65f29ae861e4fd52bdfc8d43fa.png,
d949e3d348338dcbc1ff04fddb0e73da8bfd1a4c.png,
d9684020b0b6f724c47f5ebf113cf7870d33f209.png,
d97bf9daa963adc3d132b97bfe690d20c50358fc.png,
d9eb1fd525797fa8c63e21a2fc6dc8b065135f39.png,
d9f7c7ca14e118c8321677341e0c5271f874b465.png,
da1612d10f4be6c93939eb421d52753ad8bd285c.png,
da16e42c23201a805a0e13d662e07a1c440e4215.png,
da1aff6ef580a36ce2cc59b93ddfda3a76993fd8.png,
da2632bc7dcb7cec2261a597f686e38a196de27a.png,
da36ff8144fb0cba63028e48bffbf091185eb39a.png,
da66489e7ec8e08c5234292a7a70ea03a8a169d5.png,
da7287d1a238c531710c109c28d8293c71ee34fe.png,
dacd07248d633d9c764132f0698337be3c46b3b3.png,
db03f2af6def4820c0488dd1c6b99a75141199e7.png,
db0c225344cfc78b95dd412dd9f5629b517c6557.png,
db336c263db57ecd8d5ddf4bc2ea2fc59542a6b3.png,
db5d8f4f0adb642e5eb0b61b9a86b32ac9f2865b.png,
db8713a295785be109f5d4bb8e0e40fe82eee34d.png,
dbaba7d46cce6c6b88e0ceef2ae009310686e26b.png,
dbc696dce938a7da925b2f0ffe5777c748085eed.png,
dbd06a6375c7f8c4c80241f2a467e64284ec33e9.png,
dbf70a673774d6dfc7b77252de1c768ce63f226a.png,
dc25857f5f5e99a2cd420701cf834aeb37f578a8.png,
dc2f0356d9c4bf4c7590fb9bbe63bd4abbfeb607.png,
dc37d95d9b270bc999d2312239571b3a7aed7e96.png,
dc42fff68f60abd6e4de09ffdf3388f3b3db308f.png,
dc5b974f281b5c605583cbc06ddba179c20505e6.png,
dc92526aeee12e1b80b2ac6bbf22b2582326a919.png,
dc965e7a2822e8b2da907eb77a580b46ea2accd8.png,
dc9ec18608caa89f5825eab2414206fc43af85ab.png,
dcc70bea2b73f8631cd760903d7e34c7046cc74d.png,
dcd071793c7865c6edb57e8d077ffb7d26847570.png,
dcf035ec9e2bd964f8990f38f5221cfaa912423e.png,
dd015eeacaa35cd80fd3c68aaba00a9c13ca9989.png,
dd1a3f8b92b6089dbbe6c2ad842beb504254a738.png,
dd3581b28415cd9898c12e7e6271debebd093f84.png,
dd43426f454989cfaf00498c06ce6ac1bda44aa8.png,
dd4c76ef6438e318ed97766b0b83a09ea6295647.png,
dd535a8c6a115433c655cc2e74025f377197b731.png,
dd5c50da48992e0c810ddefebca7302abe8c46c4.png,
ddebefa2661f30b23042e2f45e7b830a371361c5.png,
ddfb67ce685b7fc8ee2fd21aef328a936dcb17bc.png,
de6b04767081acc41eb0be9ab4af57cf611c3920.png,
de8ad3e2d785a631103cfe4659510e765132650f.png,
dec30c73ab79b4fdaea05159230fc58613b5741d.png,
deed2ce8e3cd54302d48cb83d98cc31316476701.png,
df0e2bb1b05ca87a94f26c10b09c98c313d82688.png,
df21bcf283b2ef66098278b4f286ebd35cd6e3fd.png,
df316e77de3f8874191d8b4842764e1827777da6.png,
df4304cdd3d3a6fb385ef7f2de059cc278a25259.png,
df5532195e9dcaeb6caaf0669edee9b26bc2c7bf.png,
df9333d258f7d0dc7fd268fe688eeac048a36213.png,
dfbbab504fd13423b02ea678e6a8c0e3567fd0a2.png,
dfc33ffdf8562388a8d76463d16d86383d5b248d.png,
dfe5cdc314ca1a7fbd4bd3f8a6a37d26e1c6ebbb.png,
dfff42cf5375027635a68312aa27fc5659e3bfe9.png,
e03009cda1a39b4a2b8025bdd8553ff05dc45eb5.png,
e039604ac9c03c569cdc725b0a45f663be599a82.png,
e04dee2618eae0cff2640bba0ed7303e44e4f890.png,
e068468ef6abd8abdf17de3ecd3d0dc13b8b5fcb.png,
e06a3c96fa30edb0b5e24b5dfca9f9966a11f1a5.png,
e07869af18b7773b025572efcb677c3cdd54596a.png,
e0ab871b8fe5dcdb8439ae8cf342645de97d4609.png,
e0caf004589260bb3301e7a21f03a775415d5b94.png,
e100e6a4787c218da82f16bbffa1d314d3458cbe.png,
e11ad8a7d7baa9cd8ddc3a54c1fccdaed4eefd53.png,
e14c1f27492463cc40cb131a88bc48eb10e55e1f.png,
e151d6a93c9acfcb3b7e6e4b6fa37aa20702e9f3.png,
e19d5069a4625790d6d1ea83500727aaabd725c9.png,
e1b93ee94c5582a7ec967b35456c2a4ed5e4e191.png,
e1c0eb00525adf129f22b43a5478434186b3b7a2.png,
e1dc0b2b9881e10fcd876ceff97d986dac55f603.png,
e1ebce29dc80c001907fb9826f57825b7474b4b8.png,
e1f69c4c343db9a2eea1c414c6ce9db32012e8fb.png,
e2024540c46d4ef679730b4a3fb4e91ee0ea8cd2.png,
e225271869f5818e9f47c95699e63b0db169ed6f.png,
e2310a798a75f2a4c00a1c5af501223e7a7849df.png,
e252c0624f0a09bc1eb1402335505ceaf9fe32e9.png,
e2a5a8640151e800bc91c72f6fd225a3bed8a290.png,
e2d78940a1dc7ee23f719f0fbeabaa237d5a6fbc.png,
e3198c810976bdd8bebd4808420c276925759b88.png,
e3211d602ed52968024be4986daee23ca3bd6400.png,
e325f0f8865fc3cc85a5c762dee4796710407296.png,
e32ada4ed2f43a41b06d4346c4f7a390a650e18d.png,
e33a4ed86068aec109d8822ea4a968202bd3ec62.png,
e344296d521e6274133ee41953cad103e8415685.png,
e364ede9aa8bdcea532a7841fe0dea21bcb0e902.png,
e37010c19c2c09d82f00fb5765a81e1c898ccc5e.png,
e37ad48d272c9d1050367188596f57a1efe6516c.png,
e39f992475037679cc86b3c430ba976ed4d33638.png,
e3db9b423f504ece94cdc084e5d9fd6708593944.png,
e41dc471a54b1dd20b0432476dd79436a4482af7.png,
e4225d7f4f242fafab30ddc7a8a331498e2fb0c5.png,
e42570719ab243aac1a7de180a0f5e815f25a261.png,
e470e5ed848f2fd9aff044406715d6f4b9448651.png,
e48696e2769124869b94f9451309125cef01fefc.png,
e4b41ddd2318a231f322ec9c0fb8946c30d249df.png,
e516e3319e905c8b55310ff8487343cb1a20dda9.png,
e53c573a12182ad86e943509805afbef2454a832.png,
e5988522faedc2f00dee92d723fc14c4506c7ef4.png,
e5e2f87705a0c11a4fc546d45ed1e1a2dc69e0ed.png,
e5e4d8b919855858ca7ffc9d35b35a64e9e60e76.png,
e62d8992562a4b2ea413e35fbd0eabec23daf94e.png,
e64e847145e0e498b798f7ec34e250b3f6930331.png,
e66ca52d151c88788ba80c21a47be900c36e5530.png,
e6756d35392d9ae1232c248804b14250f2eb72ee.png,
e6761863fc7e3be5d179826be8ff31adb3a63866.png,
e67cf823981d4d6db6c788f24f4de2da5928594e.png,
e69346fdcf00f2a28662f1ba2293138964e6f729.png,
e6eb5ae4364105054cdf75b013e101cde3e94347.png,
e6f285dc6e415aa51d388b1c84d7a202f976c6b5.png,
e72e84e73071726c1cd9afd3b085b214d11ec366.png,
e739a1dec6a7b6bf1b5aa56244dadc9c355631de.png,
e755b99dd4cdea08804438db32abf06238464d28.png,
e756247aa1bce8308aed4f85289a638faca770a4.png,
e7889ca29b3cb8b3c97562c35596be84a56b4ad3.png,
e79f8621f836149a93151752692c626cf8f07207.png,
e7c962902f2c5b658d4d757c33cb691da68e3daa.png,
e7dbb1f7391611a643ad9edb09e4fda7181ebfc2.png,
e7ea594c8539c66ac2456f54806d9cdc8b521f0f.png,
e7f0d65828dbc8da1a5af35e73abc0703f2d5cc9.png,
e81791b8787a88de99be561ff7587941cb10d132.png,
e82b3e5c0cdfeeb4993acfcaf59cad135651ef50.png,
e841dbb2e4cd4f0f2ff5ab8da05a6b36804686f9.png,
e84af304efbc65c8d2f5cf380a48d972319a27a5.png,
e85883f41a723db15f0e28d60505bffca86c1c7f.png,
e874a57abf296008f89f9df6cddd63a4e93576d2.png,
e881055b3d5d70eab35b4c9334d3f4370ec64340.png,
e8911d2bf386c691b1eb12400ec70f51334c6ac0.png,
e926992ee60cd22ff1ca57dac4f621011d973d39.png,
e92f962df58f93608e5e890c1ea6d8867873d9b8.png,
e93eb591ba0cb24b3d415e37ef4e0015c492864b.png,
e951b9abb4c05a55a8689359055bcc173732747d.png,
e9802f61ebb8383e1f38f9214bccf1f9f839a83d.png,
e9c9286add925f913fa23e91d77721888d796594.png,
e9fe1658626d4d4711ca9a0f3da5c185553b37c6.png,
ea1c0fddb4bfda3727089b94ef009a35a79de066.png,
ea3d8d81116c09fd4419282795d6adcec8ce8be0.png,
ea6c5bd1496fb19880d028fbc056793c7e77b777.png,
ea7911623076ba767ec88604264e195d44193044.png,
ea8282cf8ca306b9abfb51d8d80068981ea0cfa2.png,
eaa0c1ae244d7cf766fbe69d87c125b4627ec4af.png,
eacc69069f5bb89ab01d6b0b5424177012f0bfb2.png,
eaf6da87da7561907c040fe895870c3da164c2b0.png,
eb632f90cf083fcfd5e2965576fbb8ff379c5f31.png,
eb87b35b5ae4419e76709b1954592e54766477c3.png,
ebc42fb29799c7f78988b6137af67eb890e24175.png,
ebc98198d67e7a6872b78e5f215b5d26894d7e5a.png,
ec0758b29ef7a2b922b0652eb1369b720343e5ab.png,
ec1830e506263b502aed478f329ae8a932f2bc0d.png,
ec2d55f6c991981c4896830d685ce5ef7c254fbc.png,
ec60e590c39cf20a51c71d6da5e7b6cc0bc407c6.png,
ec6f80e2fe68470dce58859c1cb7a73c94bbb145.png,
ec8afe2688fccbb4083b90a2a5c7a643617c9b2d.png,
ecbe01dfa5fcab7c6987ba9c62855dd1061b6a6e.png,
ecd1a083565bbc30b30b29b90ab6ac21a46eb021.png,
ed073df3a777d0379f4d9804b4341350d02f0ec1.png,
ed26bd22909b0de7c64951508eb2848e573a6d32.png,
ed7b0758cafe4bbf4a94bde49dd98d22cc44a6bd.png,
ed8c4f6f1276525e14b933ff206d547351bb474a.png,
edb12018c3da75b0019d6e5a23086938479cb5ae.png,
edd4097278156d069f44bb3d09137d13080e6235.png,
edd7c52667fc00a2783d615ab75f897e0f1f1e95.png,
edd9035ea58fec7bbd8f9619d7364c9a3b83b659.png,
ee2858d59c031b0769f3cd413f11ff666b7e0e2d.png,
ee30dae8059248065037c9e5adfcbd6d67eec5d4.png,
ee689012e24ed6c76814505a719172cd9d17673d.png,
ee789b6d59a777cd34c9393e93cbb59bc651ac27.png,
eed883905af32596711e51bb308df8ef6524a327.png,
eee729c112be2124e1caf196b3f349fbb3029439.png,
ef0bfcb965b048152a8fd42a5c4b9a57ffbc938e.png,
ef0c9ed6cbc792a68aeba2f43ee01cea59fa1661.png,
ef14509526dc72eeea34c659da924d7799ca9845.png,
ef159dbeb34ef6078452842cdc86a4e94de44dad.png,
ef3b5ccc09dd3dda57d12302f2537ec4ad78b43a.png,
ef5ef522520837671c6e1282268b2cf261e88c4a.png,
ef699098ba51d88a217d14a0435d2cdb82599a2a.png,
ef906aa60f17ec98f5b07d5e3ba84ad88e2b412c.png,
efcc0a57986e0fb7537794bc1893f5a08e7d5d93.png,
efcf93f4bfc2e5006f3780f3001028b1ce77bda0.png,
f0001c674df27f253b98b389b5062c6b40e98cce.png,
f048676e208a0e3f68691102d641efe3dd076d2f.png,
f04d6243bbf22176b466241ef9218e5a42284caf.png,
f0af64e22c1b7e650afefc4d518e27d525a6f541.png,
f1671b689f18945d8640806e6f53e089c8d1c7cc.png,
f19816f0ecd30756e73127ffd0268bb7cad20b03.png,
f1c80e477253f72329c84297c354f6b9c5953d65.png,
f1e4f971d743bdd1b61ae50f20accdc6600e7ab0.png,
f1e87449cb6ddd5c2fdf03adfc78b7d1960a0a32.png,
f1faf13ef0a9a90c5cb04eed6a8a5f9b81b2a033.png,
f24d585dd8af201a67f88baf8f5f83fa7110ab47.png,
f25f1e193d15bde7f55b97b42fe12bb81149be1e.png,
f283010bce9bd00333eaa30bc3633e4ed3fdcc9f.png,
f2924b222a5f5c789c44612e7e2d62ef657ccdb3.png,
f2b0201c8e806ac1112eb6095d2d192995c75deb.png,
f2cad7621e7053306ee02cbcdea4b1e6e7067761.png,
f2ce12ef8627be8265e4261572922c33d8f014d3.png,
f2d77acb88a4ffdafc7e6379ef0bf720f144da25.png,
f2eee273fe26543d4fdbc0934164da9c1ad0b99e.png,
f3393fb468959d3ae9e315e87d33f1d120261841.png,
f38ad8608e9d6807048d2ac9a164f2117a6c2e7d.png,
f38e18ab3c72918f18bdf36fafdf3eba180874e3.png,
f38feafcd42c881033cb7733c6ebb5c1a3cac013.png,
f3e8f5fdfed5ec5b2d3c88c3dea7dd4dd18a178b.png,
f3faa9c97aec1844276ad63f73c3785660277344.png,
f4540b62a5e27dd2140727213529173eac871f7a.png,
f46e05062a870ecd5754fd35be14f5d7162fb8c6.png,
f476529cf8cd3a799780f4197cac886b2a74dd0f.png,
f491abe6d69bd32c8208180b7f668f8e2adbf816.png,
f499fba0002438419514e6dbba054c5e2b1b04b0.png,
f4a3e6ab415b6061170a0cf016ff25ca3e4663ab.png,
f4a89d7543f32af8073842962929d6f57c20bb79.png,
f4b261e78e9d67c6cb279898e36f114968ea78b0.png,
f4cd24083836db14ca97a3afa4676f2345c001a3.png,
f4f2530cffd0c81fa9b753aee26bebd665f68f23.png,
f4f32bea0b5d6beeea31fbc97a4ff71e7f4fc86e.png,
f536dcf134ceed68d1382e30584a18b614fe35d8.png,
f55bb5bd23b98851b3e99dfa8b72ff1c5a2c551b.png,
f55f0120facb9886d584574a328f133722d1f709.png,
f561d690c25409194ac9fb10986b6f584207f8e1.png,
f56373b70c3d2f7f4b6227462167f332551a01de.png,
f58d9f830c7af9379062f8db4d22273cfe9f2e1b.png,
f5936b90b41c236b8f00623996da9477ba847ecf.png,
f5b6c3478181e9423791ac504c9e3cce1cbb81ab.png,
f5c2d9b13e415b3d5d5e93aed5b0f9019eaec996.png,
f5cfd99f22c1503cc7b6a7fb2c9a587010ccfc80.png,
f5d19a42c5015dac80beef3d4330f134f4beb4ba.png,
f5d24ee434bc1ca9fbe34bd777b8410d78b328b3.png,
f5d5beafb646886d14b29efe7b0b25913946bf57.png,
f6219328f18a500454ffe327b97cbd79685bc892.png,
f687f973dace3d78b4931d9150b548e16a65e892.png,
f68aaa56a95d8ab79cc8d3072f810520a5954899.png,
f6c6ff089e610bdd5461070c40e01dbee344db6b.png,
f6d3c482bcb1ebefad2da09be9f5f6f1f940cf42.png,
f6d88717a25887458df6fdf96e858203e9394020.png,
f6e5474ae093f7de5ffce993f842a0789d3a850b.png,
f6f8108a8b546e575bd87d11d8d86987dc5f5957.png,
f73afb6ed8480ae870e932a28374cc6f4ee591ef.png,
f77ca962061e341fc7f67497dec4f7621fdc46c5.png,
f79eec1b83acda62bb0d646b4b473d01caafac6d.png,
f7cb6f64424b677213ac69a4a261bb650a0619db.png,
f7e369d3cda39c4f59d5d3bb80dd80aa1ade0c66.png,
f817c4c3de7002ffa99d66e9e8a75ef37f3ecad3.png,
f825c071b2bc428c2c9011383fdbda725965a175.png,
f839e9d7918fd316510e8d0ea7fd16b170b3fba8.png,
f8573b45cfcac1a5cea966d4633da89962ff62ae.png,
f86b1d1735e75969400b70f35f15301912de7886.png,
f899c020a165529c3c2246417082c3abbae14211.png,
f8e82f24deea7ceeca63299b03d4e7957ff75e8f.png,
f96aac37a78336da994afcb186dac782c5edfe0c.png,
f97fda6afe3ec3bf2854ff4852b4ef5b08ab48dc.png,
f98ea7536bc7caffe78f7fa53c2af5f1be9a3d3f.png,
f9920c5c769b2d58d790903bbcae8380b9c38303.png,
fa32dd89b23a3b6b66476154b4767e65e807a0d1.png,
fa36e2775b0fcb0a0fe1d81d9726cb15cc8296a4.png,
fa54501abe0e48f60d587f0955e12c0e9d2a16f5.png,
fa5a5445b5192aef1c72ef71f71cf81623eb68e4.png,
fa6a8bbd2d2bc40bb85bdf03abcf0c68cd9dd06c.png,
fa7a0ddde5506109a3f692ced75a64398338777a.png,
fa842beb1b2e7c2119dda0161b36becf1b52d0fe.png,
faa5195b3591682715195f2a74b3d3e0c5259876.png,
faf235efab1c6c5ccdc9e8136e82bec1dafcf2d9.png,
fb0b9b88b7e9761c76e950a6d3255979ffc4641c.png,
fb0f894a3fba6e92b6ac31f4ca6c46dadfa6287e.png,
fb32f777a0410a2a50436f5f6dee94668da3a92c.png,
fb5aaf9b3f6a3527e8594b650e63811ee7a1b722.png,
fb5b8f181b6990673ae67926c06cbac3d66db839.png,
fb9881e149af512941889c434cd9262fcc51c023.png,
fbff4c62b451171213dadf2be57a2d64b0ec8ea6.png,
fc232b3071fa66e4bf23bab50765146264807ceb.png,
fc4378b248cf85b013bd13cc998f0099d48c5251.png,
fc646334518de62f673f2dc6cc9213c5400090f2.png,
fca3cd7e6dfd32af611592bcf0d6e91b8e15953d.png,
fcc4a6cd63b0a140644a36e1c0978df0d25012c9.png,
fcd2e50c2aa2724c1523413e73c04088ee9d1a6b.png,
fcd476924ab1b8e7f230bdd00df693b48b80bb9b.png,
fcddd404dec17241150e147c18d3fdb775413eee.png,
fceffb6d174f386e6a7e237e358a51632896cc6f.png,
fcf1ba356674db2fa49e09c9a30b493d9188bb8e.png,
fcfcbd2325ccff303cfc71296538420de840ac91.png,
fcfefe0e8d2fc0982510bfb43609676ce7e6b6d0.png,
fd19b47a1dadab65027810c62cf0a9201aaafbd4.png,
fd286f5cf8bc84f4acffd225174acad8ea3a552d.png,
fd32ba12f19c639e306a2ef6b3818f5e55c661b6.png,
fd3df8e444b8840f82fc62c3863001da3707e42b.png,
fd9411ca575b5ec97852162761e0b0752a53d60d.png,
fdbaf2f481e948d465862e7b5ef24f06b83d776e.png,
fdebc5e435caed54df5e979f765754c041d6e864.png,
fe32b31de61e2d975ea6779f6f4669d35c0762b8.png,
fe43fcde0bd75ef0e95bcca3468a7142dbf2774d.png,
fe49ba851881c1a65a84abb03dc32c11f92250c1.png,
fe7c4338c666f11177bfafc01c95326e8f502ad0.png,
fe8bc567afc773c485a0946fd4aa936d455ede22.png,
feac777eba17bd1e7cfcc5259201602874004aaf.png,
feb12c01d9bb9d3dd2d4e4f56b1821c67b9d56b1.png,
fec2dae795cedd0c99a032433603e9279230a966.png,
fed73ff8eeac0f747338c234b678d54df08f5d77.png,
fee42a59fbcde9d9f1b7e6ed5d6468577269c5a8.png,
fef1613061f191f34bb7e617ecbe71d284545791.png,
ff3ac79f7d02c2d9bb7bf14bae7c698e81871994.png,
ff4e0a92e6786ad86073d997c500b44229952297.png,
ff8e26429140f894d6a2e18d3be98eceaee15504.png,
ff94b6b6ba350a2de1205648b5afd9733abde5de.png,
