c235c640c3d2b1d8f7eb2f891e4a778a2c912182.png,qtI04
c69144eed0d689629caf4ba930c71bd9483a9819.png,ID3F9
6d650de178fdcbacb79882f03f800dac7b2682f7.png,5HI4K
0681258632ed13285df1b0fe9aee594740ad95ad.png,HGqtO
24e37ad96fc4c39571a5f6ea64bc41520904f04c.png,IGNKB
9c46473948381a6b62e346b1205fb002bbf964db.png,IIDsN
8df425a4702c8e224ebb2e291c79883bd1312d81.png,9O8F6
7a1a939daecbecb3f272b80796c8c17c8d785aa2.png,5q2XD
23e5ea68420e8e082d4c38e1ec8fc1bd73bf4ba7.png,y3KDK
183d34bd2a1f32af1698dcc6f632af6493174f6c.png,F6Kz1
f28dc5f5eb919f65d35fd44145587b05f22e67c8.png,Bz9DC
09df541223827bbaa694366de0091b2a50e94d60.png,M859w
6beb3f265b7fa3e3b2959852756407d23305891b.png,E302p
cc66b51a07c707a90d99187d8151ec5236cfbbbe.png,9QD77
3df71661c5a43c2d28995dbca6c9fe1a484335a0.png,N93A7
38cc67f08d14366b0d58aff8d191a5b046f1c45c.png,EBXAK
630788cd7e5100192d9d8bbecc267f38cb571912.png,XrXtv
4db4593e9de0c49cf5c19290bba50268787c0762.png,ECyGL
5436114e58ceb69f72b21ee827970907ca229011.png,IUM8Z
bcbd659870b7c95cd4309dad4ffbb2cc918088de.png,vK6VB
66e1f732bf3563166d26eda8c6c1f8c20ba3dff0.png,IwqGD
411e38db0c540229a3b346d185c90a0baeea30f6.png,EMLLA
0432594bf68e85f1609707107013b45de97a11d9.png,sFE7N
a9a3c7c90749183adece2204ec5b908407397a01.png,trHLV
e4305fc43d0871b3d1db894af147ded2df93fcde.png,LDSVV
7f645a2a8a40627da7a779f633efcd8741f9bb01.png,Lo58G
6801bcfe5b2f43f60ab010651782fc08afad4e6c.png,C3OB6
002fd2823c08a3f135c9db95b43ee9900c9c3098.png,NM658
5fa60a652e1cfec3f6fb644ee272afa1ac30fea2.png,x8E8I
8501b818ecf2029310c993f1e61a5f64a6e86acc.png,tFyVC
e4a044a12acde2e9b354bf55999d826cadb4168d.png,LC64D
3b694a3995b8b6ccb30817b429ade7d529b0a9b5.png,EOttp
47433ed3bb1c7689dadd01f731a3f7ec4b1fb906.png,wtoyy
cf22e79ea9730816fd40198006da3074b242f883.png,XL5EU
d5b59bd267caf25ebae396ef2a18d3af96e01bc2.png,SywU1
823e725189f7ac7c493500d4a577f6ef764914d3.png,tpHJ6
26137a6d7463632b2f4656d93b090f0df035ddab.png,Jwp02
ca787d3664450c5ce70f9f1ce0d482090a1d00fa.png,VoC6r
381e58403a52e32d64e63a9c072a2fc81b7171d5.png,Ju4xw
514b7431c5a2e7dd58a987b1ad2f9273f4199c4c.png,2wqCM
af71c5573186272a4577a42bbab588d917903ba4.png,5yvIy
9613114f004f2e149904d3a7976a3578e7f6e3d7.png,8OBl0
91fb93a2ced11db9ad8ea3189083e7ac75b6cce3.png,77534
c7da5535f087e594f7c2ed70c52866a2bb686d15.png,sF552
0d58f3a6f4f19f188dda2ca16583415a00172e50.png,6468t
8350f9ef7b7e99a5339452d7d3514df7145c43b7.png,3JGwO
dd3c190c03ab6eae3284739d2e62cb85833ac416.png,pILKO
cdfc640cc158f8c4d8c877c6a3968d9b3e3495a2.png,NpCKL
04e42fbd5d6f446ecd8dcfa66979d0810668a919.png,EpMCr
9f3a823046f7bfa751930107ace314e678404280.png,MzGNL
